Dataset,doubleThreshold,triThreshold,F1_measure,Accuracy
HPC,10,10,0.8818687815428983,0.765
HPC,10,20,0.8818687815428983,0.765
HPC,10,30,0.8818687815428983,0.765
HPC,10,40,0.8818687815428983,0.765
HPC,10,50,0.8818687815428983,0.765
HPC,10,60,0.8818687815428983,0.765
HPC,10,70,0.8818687815428983,0.765
HPC,10,80,0.8818687815428983,0.765
HPC,10,90,0.8818687815428983,0.765
HPC,10,100,0.8818687815428983,0.765
HPC,10,110,0.8818687815428983,0.765
HPC,10,120,0.8818687815428983,0.765
HPC,10,130,0.8818687815428983,0.765
HPC,10,140,0.8818687815428983,0.765
HPC,10,150,0.8818687815428983,0.765
HPC,10,160,0.8818687815428983,0.765
HPC,10,170,0.8818687815428983,0.765
HPC,10,180,0.8818687815428983,0.765
HPC,10,190,0.8818687815428983,0.765
HPC,10,200,0.8818687815428983,0.765
HPC,10,210,0.8818687815428983,0.765
HPC,10,220,0.8818687815428983,0.765
HPC,10,230,0.8818687815428983,0.765
HPC,10,240,0.8818687815428983,0.765
HPC,10,250,0.8818687815428983,0.765
HPC,10,260,0.8818687815428983,0.765
HPC,10,270,0.8818687815428983,0.765
HPC,10,280,0.8818687815428983,0.765
HPC,10,290,0.8818687815428983,0.765
HPC,10,300,0.8818687815428983,0.765
HPC,10,310,0.8818687815428983,0.765
HPC,10,320,0.8818687815428983,0.765
HPC,10,330,0.8818687815428983,0.765
HPC,10,340,0.8818687815428983,0.765
HPC,10,350,0.8818687815428983,0.765
HPC,10,360,0.8818687815428983,0.765
HPC,10,370,0.8818687815428983,0.765
HPC,10,380,0.8818687815428983,0.765
HPC,10,390,0.8818687815428983,0.765
HPC,10,400,0.8818687815428983,0.765
HPC,10,410,0.8818687815428983,0.765
HPC,10,420,0.8818687815428983,0.765
HPC,10,430,0.8818687815428983,0.765
HPC,10,440,0.8818687815428983,0.765
HPC,10,450,0.8818687815428983,0.765
HPC,10,460,0.8818687815428983,0.765
HPC,10,470,0.8818687815428983,0.765
HPC,10,480,0.8818687815428983,0.765
HPC,10,490,0.8818687815428983,0.765
HPC,20,10,0.8818433498673435,0.7625
HPC,20,20,0.8820604184143841,0.7635
HPC,20,30,0.8820604184143841,0.7635
HPC,20,40,0.8820604184143841,0.7635
HPC,20,50,0.8820604184143841,0.7635
HPC,20,60,0.8820604184143841,0.7635
HPC,20,70,0.8820604184143841,0.7635
HPC,20,80,0.8820604184143841,0.7635
HPC,20,90,0.8820604184143841,0.7635
HPC,20,100,0.8820604184143841,0.7635
HPC,20,110,0.8820604184143841,0.7635
HPC,20,120,0.8820604184143841,0.7635
HPC,20,130,0.8820604184143841,0.7635
HPC,20,140,0.8820604184143841,0.7635
HPC,20,150,0.8820604184143841,0.7635
HPC,20,160,0.8820604184143841,0.7635
HPC,20,170,0.8820604184143841,0.7635
HPC,20,180,0.8820604184143841,0.7635
HPC,20,190,0.8820604184143841,0.7635
HPC,20,200,0.8820604184143841,0.7635
HPC,20,210,0.8820604184143841,0.7635
HPC,20,220,0.8820604184143841,0.7635
HPC,20,230,0.8820604184143841,0.7635
HPC,20,240,0.8820604184143841,0.7635
HPC,20,250,0.8820604184143841,0.7635
HPC,20,260,0.8820604184143841,0.7635
HPC,20,270,0.8820604184143841,0.7635
HPC,20,280,0.8820604184143841,0.7635
HPC,20,290,0.8820604184143841,0.7635
HPC,20,300,0.8820604184143841,0.7635
HPC,20,310,0.8820604184143841,0.7635
HPC,20,320,0.8820604184143841,0.7635
HPC,20,330,0.8820604184143841,0.7635
HPC,20,340,0.8820604184143841,0.7635
HPC,20,350,0.8820604184143841,0.7635
HPC,20,360,0.8820604184143841,0.7635
HPC,20,370,0.8820604184143841,0.7635
HPC,20,380,0.8820604184143841,0.7635
HPC,20,390,0.8820604184143841,0.7635
HPC,20,400,0.8820604184143841,0.7635
HPC,20,410,0.8820604184143841,0.7635
HPC,20,420,0.8820604184143841,0.7635
HPC,20,430,0.8820604184143841,0.7635
HPC,20,440,0.8820604184143841,0.7635
HPC,20,450,0.8820604184143841,0.7635
HPC,20,460,0.8820604184143841,0.7635
HPC,20,470,0.8820604184143841,0.7635
HPC,20,480,0.8820604184143841,0.7635
HPC,20,490,0.8820604184143841,0.7635
HPC,30,10,0.8818433498673435,0.7625
HPC,30,20,0.8820604184143841,0.7635
HPC,30,30,0.8835666721366694,0.7855
HPC,30,40,0.8835666721366694,0.7855
HPC,30,50,0.8835666721366694,0.7855
HPC,30,60,0.8835666721366694,0.7855
HPC,30,70,0.8835666721366694,0.7855
HPC,30,80,0.8835666721366694,0.7855
HPC,30,90,0.8835666721366694,0.7855
HPC,30,100,0.8835666721366694,0.7855
HPC,30,110,0.8835666721366694,0.7855
HPC,30,120,0.8835666721366694,0.7855
HPC,30,130,0.8835666721366694,0.7855
HPC,30,140,0.8835666721366694,0.7855
HPC,30,150,0.8835666721366694,0.7855
HPC,30,160,0.8835666721366694,0.7855
HPC,30,170,0.8835666721366694,0.7855
HPC,30,180,0.8835666721366694,0.7855
HPC,30,190,0.8835666721366694,0.7855
HPC,30,200,0.8835666721366694,0.7855
HPC,30,210,0.8835666721366694,0.7855
HPC,30,220,0.8835666721366694,0.7855
HPC,30,230,0.8835666721366694,0.7855
HPC,30,240,0.8835666721366694,0.7855
HPC,30,250,0.8835666721366694,0.7855
HPC,30,260,0.8835666721366694,0.7855
HPC,30,270,0.8835666721366694,0.7855
HPC,30,280,0.8835666721366694,0.7855
HPC,30,290,0.8835666721366694,0.7855
HPC,30,300,0.8835666721366694,0.7855
HPC,30,310,0.8835666721366694,0.7855
HPC,30,320,0.8835666721366694,0.7855
HPC,30,330,0.8835666721366694,0.7855
HPC,30,340,0.8835666721366694,0.7855
HPC,30,350,0.8835666721366694,0.7855
HPC,30,360,0.8835666721366694,0.7855
HPC,30,370,0.8835666721366694,0.7855
HPC,30,380,0.8835666721366694,0.7855
HPC,30,390,0.8835666721366694,0.7855
HPC,30,400,0.8835666721366694,0.7855
HPC,30,410,0.8835666721366694,0.7855
HPC,30,420,0.8835666721366694,0.7855
HPC,30,430,0.8835666721366694,0.7855
HPC,30,440,0.8835666721366694,0.7855
HPC,30,450,0.8835666721366694,0.7855
HPC,30,460,0.8835666721366694,0.7855
HPC,30,470,0.8835666721366694,0.7855
HPC,30,480,0.8835666721366694,0.7855
HPC,30,490,0.8835666721366694,0.7855
HPC,40,10,0.8818433498673435,0.7625
HPC,40,20,0.8820604184143841,0.7635
HPC,40,30,0.8835666721366694,0.7855
HPC,40,40,0.8835666721366694,0.7855
HPC,40,50,0.8835666721366694,0.7855
HPC,40,60,0.8835666721366694,0.7855
HPC,40,70,0.8835666721366694,0.7855
HPC,40,80,0.8835666721366694,0.7855
HPC,40,90,0.8835666721366694,0.7855
HPC,40,100,0.8835666721366694,0.7855
HPC,40,110,0.8835666721366694,0.7855
HPC,40,120,0.8835666721366694,0.7855
HPC,40,130,0.8835666721366694,0.7855
HPC,40,140,0.8835666721366694,0.7855
HPC,40,150,0.8835666721366694,0.7855
HPC,40,160,0.8835666721366694,0.7855
HPC,40,170,0.8835666721366694,0.7855
HPC,40,180,0.8835666721366694,0.7855
HPC,40,190,0.8835666721366694,0.7855
HPC,40,200,0.8835666721366694,0.7855
HPC,40,210,0.8835666721366694,0.7855
HPC,40,220,0.8835666721366694,0.7855
HPC,40,230,0.8835666721366694,0.7855
HPC,40,240,0.8835666721366694,0.7855
HPC,40,250,0.8835666721366694,0.7855
HPC,40,260,0.8835666721366694,0.7855
HPC,40,270,0.8835666721366694,0.7855
HPC,40,280,0.8835666721366694,0.7855
HPC,40,290,0.8835666721366694,0.7855
HPC,40,300,0.8835666721366694,0.7855
HPC,40,310,0.8835666721366694,0.7855
HPC,40,320,0.8835666721366694,0.7855
HPC,40,330,0.8835666721366694,0.7855
HPC,40,340,0.8835666721366694,0.7855
HPC,40,350,0.8835666721366694,0.7855
HPC,40,360,0.8835666721366694,0.7855
HPC,40,370,0.8835666721366694,0.7855
HPC,40,380,0.8835666721366694,0.7855
HPC,40,390,0.8835666721366694,0.7855
HPC,40,400,0.8835666721366694,0.7855
HPC,40,410,0.8835666721366694,0.7855
HPC,40,420,0.8835666721366694,0.7855
HPC,40,430,0.8835666721366694,0.7855
HPC,40,440,0.8835666721366694,0.7855
HPC,40,450,0.8835666721366694,0.7855
HPC,40,460,0.8835666721366694,0.7855
HPC,40,470,0.8835666721366694,0.7855
HPC,40,480,0.8835666721366694,0.7855
HPC,40,490,0.8835666721366694,0.7855
HPC,50,10,0.8818433498673435,0.7625
HPC,50,20,0.8820604184143841,0.7635
HPC,50,30,0.8835666721366694,0.7855
HPC,50,40,0.8835666721366694,0.7855
HPC,50,50,0.8781111680166634,0.74
HPC,50,60,0.8781111680166634,0.74
HPC,50,70,0.8781111680166634,0.74
HPC,50,80,0.8781111680166634,0.74
HPC,50,90,0.8781111680166634,0.74
HPC,50,100,0.8781111680166634,0.74
HPC,50,110,0.8781111680166634,0.74
HPC,50,120,0.8781111680166634,0.74
HPC,50,130,0.8781111680166634,0.74
HPC,50,140,0.8781111680166634,0.74
HPC,50,150,0.8781111680166634,0.74
HPC,50,160,0.8781111680166634,0.74
HPC,50,170,0.8781111680166634,0.74
HPC,50,180,0.8781111680166634,0.74
HPC,50,190,0.8781111680166634,0.74
HPC,50,200,0.8781111680166634,0.74
HPC,50,210,0.8781111680166634,0.74
HPC,50,220,0.8781111680166634,0.74
HPC,50,230,0.8781111680166634,0.74
HPC,50,240,0.8781111680166634,0.74
HPC,50,250,0.8781111680166634,0.74
HPC,50,260,0.8781111680166634,0.74
HPC,50,270,0.8781111680166634,0.74
HPC,50,280,0.8781111680166634,0.74
HPC,50,290,0.8781111680166634,0.74
HPC,50,300,0.8781111680166634,0.74
HPC,50,310,0.8781111680166634,0.74
HPC,50,320,0.8781111680166634,0.74
HPC,50,330,0.8781111680166634,0.74
HPC,50,340,0.8781111680166634,0.74
HPC,50,350,0.8781111680166634,0.74
HPC,50,360,0.8781111680166634,0.74
HPC,50,370,0.8781111680166634,0.74
HPC,50,380,0.8781111680166634,0.74
HPC,50,390,0.8781111680166634,0.74
HPC,50,400,0.8781111680166634,0.74
HPC,50,410,0.8781111680166634,0.74
HPC,50,420,0.8781111680166634,0.74
HPC,50,430,0.8781111680166634,0.74
HPC,50,440,0.8781111680166634,0.74
HPC,50,450,0.8781111680166634,0.74
HPC,50,460,0.8781111680166634,0.74
HPC,50,470,0.8781111680166634,0.74
HPC,50,480,0.8781111680166634,0.74
HPC,50,490,0.8781111680166634,0.74
HPC,60,10,0.8818433498673435,0.7625
HPC,60,20,0.8820604184143841,0.7635
HPC,60,30,0.8835666721366694,0.7855
HPC,60,40,0.8835666721366694,0.7855
HPC,60,50,0.8781111680166634,0.74
HPC,60,60,0.8762859223093066,0.712
HPC,60,70,0.8762859223093066,0.712
HPC,60,80,0.8762859223093066,0.712
HPC,60,90,0.8762859223093066,0.712
HPC,60,100,0.8762859223093066,0.712
HPC,60,110,0.8762859223093066,0.712
HPC,60,120,0.8762859223093066,0.712
HPC,60,130,0.8762859223093066,0.712
HPC,60,140,0.8762859223093066,0.712
HPC,60,150,0.8762859223093066,0.712
HPC,60,160,0.8762859223093066,0.712
HPC,60,170,0.8762859223093066,0.712
HPC,60,180,0.8762859223093066,0.712
HPC,60,190,0.8762859223093066,0.712
HPC,60,200,0.8762859223093066,0.712
HPC,60,210,0.8762859223093066,0.712
HPC,60,220,0.8762859223093066,0.712
HPC,60,230,0.8762859223093066,0.712
HPC,60,240,0.8762859223093066,0.712
HPC,60,250,0.8762859223093066,0.712
HPC,60,260,0.8762859223093066,0.712
HPC,60,270,0.8762859223093066,0.712
HPC,60,280,0.8762859223093066,0.712
HPC,60,290,0.8762859223093066,0.712
HPC,60,300,0.8762859223093066,0.712
HPC,60,310,0.8762859223093066,0.712
HPC,60,320,0.8762859223093066,0.712
HPC,60,330,0.8762859223093066,0.712
HPC,60,340,0.8762859223093066,0.712
HPC,60,350,0.8762859223093066,0.712
HPC,60,360,0.8762859223093066,0.712
HPC,60,370,0.8762859223093066,0.712
HPC,60,380,0.8762859223093066,0.712
HPC,60,390,0.8762859223093066,0.712
HPC,60,400,0.8762859223093066,0.712
HPC,60,410,0.8762859223093066,0.712
HPC,60,420,0.8762859223093066,0.712
HPC,60,430,0.8762859223093066,0.712
HPC,60,440,0.8762859223093066,0.712
HPC,60,450,0.8762859223093066,0.712
HPC,60,460,0.8762859223093066,0.712
HPC,60,470,0.8762859223093066,0.712
HPC,60,480,0.8762859223093066,0.712
HPC,60,490,0.8762859223093066,0.712
HPC,70,10,0.8632080531607979,0.693
HPC,70,20,0.8633172691669583,0.694
HPC,70,30,0.864816275924256,0.716
HPC,70,40,0.864816275924256,0.716
HPC,70,50,0.8595891753818921,0.6705
HPC,70,60,0.8569681400608717,0.6425
HPC,70,70,0.8569681400608717,0.6425
HPC,70,80,0.8569681400608717,0.6425
HPC,70,90,0.8569681400608717,0.6425
HPC,70,100,0.8569681400608717,0.6425
HPC,70,110,0.8569681400608717,0.6425
HPC,70,120,0.8569681400608717,0.6425
HPC,70,130,0.8569681400608717,0.6425
HPC,70,140,0.8569681400608717,0.6425
HPC,70,150,0.8569681400608717,0.6425
HPC,70,160,0.8569681400608717,0.6425
HPC,70,170,0.8569681400608717,0.6425
HPC,70,180,0.8569681400608717,0.6425
HPC,70,190,0.8569681400608717,0.6425
HPC,70,200,0.8569681400608717,0.6425
HPC,70,210,0.8569681400608717,0.6425
HPC,70,220,0.8569681400608717,0.6425
HPC,70,230,0.8569681400608717,0.6425
HPC,70,240,0.8569681400608717,0.6425
HPC,70,250,0.8569681400608717,0.6425
HPC,70,260,0.8569681400608717,0.6425
HPC,70,270,0.8569681400608717,0.6425
HPC,70,280,0.8569681400608717,0.6425
HPC,70,290,0.8569681400608717,0.6425
HPC,70,300,0.8569681400608717,0.6425
HPC,70,310,0.8569681400608717,0.6425
HPC,70,320,0.8569681400608717,0.6425
HPC,70,330,0.8569681400608717,0.6425
HPC,70,340,0.8569681400608717,0.6425
HPC,70,350,0.8569681400608717,0.6425
HPC,70,360,0.8569681400608717,0.6425
HPC,70,370,0.8569681400608717,0.6425
HPC,70,380,0.8569681400608717,0.6425
HPC,70,390,0.8569681400608717,0.6425
HPC,70,400,0.8569681400608717,0.6425
HPC,70,410,0.8569681400608717,0.6425
HPC,70,420,0.8569681400608717,0.6425
HPC,70,430,0.8569681400608717,0.6425
HPC,70,440,0.8569681400608717,0.6425
HPC,70,450,0.8569681400608717,0.6425
HPC,70,460,0.8569681400608717,0.6425
HPC,70,470,0.8569681400608717,0.6425
HPC,70,480,0.8569681400608717,0.6425
HPC,70,490,0.8569681400608717,0.6425
HPC,80,10,0.8632305160436186,0.693
HPC,80,20,0.8636737916643167,0.694
HPC,80,30,0.8651714504573513,0.716
HPC,80,40,0.8651714504573513,0.716
HPC,80,50,0.8599452478124318,0.6705
HPC,80,60,0.8606273035059117,0.6425
HPC,80,70,0.8606273035059117,0.6425
HPC,80,80,0.8606273035059117,0.6425
HPC,80,90,0.8606273035059117,0.6425
HPC,80,100,0.8606273035059117,0.6425
HPC,80,110,0.8606273035059117,0.6425
HPC,80,120,0.8606273035059117,0.6425
HPC,80,130,0.8606273035059117,0.6425
HPC,80,140,0.8606273035059117,0.6425
HPC,80,150,0.8606273035059117,0.6425
HPC,80,160,0.8606273035059117,0.6425
HPC,80,170,0.8606273035059117,0.6425
HPC,80,180,0.8606273035059117,0.6425
HPC,80,190,0.8606273035059117,0.6425
HPC,80,200,0.8606273035059117,0.6425
HPC,80,210,0.8606273035059117,0.6425
HPC,80,220,0.8606273035059117,0.6425
HPC,80,230,0.8606273035059117,0.6425
HPC,80,240,0.8606273035059117,0.6425
HPC,80,250,0.8606273035059117,0.6425
HPC,80,260,0.8606273035059117,0.6425
HPC,80,270,0.8606273035059117,0.6425
HPC,80,280,0.8606273035059117,0.6425
HPC,80,290,0.8606273035059117,0.6425
HPC,80,300,0.8606273035059117,0.6425
HPC,80,310,0.8606273035059117,0.6425
HPC,80,320,0.8606273035059117,0.6425
HPC,80,330,0.8606273035059117,0.6425
HPC,80,340,0.8606273035059117,0.6425
HPC,80,350,0.8606273035059117,0.6425
HPC,80,360,0.8606273035059117,0.6425
HPC,80,370,0.8606273035059117,0.6425
HPC,80,380,0.8606273035059117,0.6425
HPC,80,390,0.8606273035059117,0.6425
HPC,80,400,0.8606273035059117,0.6425
HPC,80,410,0.8606273035059117,0.6425
HPC,80,420,0.8606273035059117,0.6425
HPC,80,430,0.8606273035059117,0.6425
HPC,80,440,0.8606273035059117,0.6425
HPC,80,450,0.8606273035059117,0.6425
HPC,80,460,0.8606273035059117,0.6425
HPC,80,470,0.8606273035059117,0.6425
HPC,80,480,0.8606273035059117,0.6425
HPC,80,490,0.8606273035059117,0.6425
HPC,90,10,0.8632305160436186,0.693
HPC,90,20,0.8632083721192632,0.688
HPC,90,30,0.8647071086095477,0.71
HPC,90,40,0.863578305321262,0.6695
HPC,90,50,0.8583668903803132,0.624
HPC,90,60,0.8589944880574578,0.596
HPC,90,70,0.859782515294059,0.596
HPC,90,80,0.859782515294059,0.596
HPC,90,90,0.859782515294059,0.596
HPC,90,100,0.859782515294059,0.596
HPC,90,110,0.859782515294059,0.596
HPC,90,120,0.859782515294059,0.596
HPC,90,130,0.859782515294059,0.596
HPC,90,140,0.859782515294059,0.596
HPC,90,150,0.859782515294059,0.596
HPC,90,160,0.859782515294059,0.596
HPC,90,170,0.859782515294059,0.596
HPC,90,180,0.859782515294059,0.596
HPC,90,190,0.859782515294059,0.596
HPC,90,200,0.859782515294059,0.596
HPC,90,210,0.859782515294059,0.596
HPC,90,220,0.859782515294059,0.596
HPC,90,230,0.859782515294059,0.596
HPC,90,240,0.859782515294059,0.596
HPC,90,250,0.859782515294059,0.596
HPC,90,260,0.859782515294059,0.596
HPC,90,270,0.859782515294059,0.596
HPC,90,280,0.859782515294059,0.596
HPC,90,290,0.859782515294059,0.596
HPC,90,300,0.859782515294059,0.596
HPC,90,310,0.859782515294059,0.596
HPC,90,320,0.859782515294059,0.596
HPC,90,330,0.859782515294059,0.596
HPC,90,340,0.859782515294059,0.596
HPC,90,350,0.859782515294059,0.596
HPC,90,360,0.859782515294059,0.596
HPC,90,370,0.859782515294059,0.596
HPC,90,380,0.859782515294059,0.596
HPC,90,390,0.859782515294059,0.596
HPC,90,400,0.859782515294059,0.596
HPC,90,410,0.859782515294059,0.596
HPC,90,420,0.859782515294059,0.596
HPC,90,430,0.859782515294059,0.596
HPC,90,440,0.859782515294059,0.596
HPC,90,450,0.859782515294059,0.596
HPC,90,460,0.859782515294059,0.596
HPC,90,470,0.859782515294059,0.596
HPC,90,480,0.859782515294059,0.596
HPC,90,490,0.859782515294059,0.596
HPC,100,10,0.8632305160436186,0.693
HPC,100,20,0.8631784443773645,0.688
HPC,100,30,0.8646773934529226,0.71
HPC,100,40,0.8635484987380453,0.6695
HPC,100,50,0.8583222630850335,0.623
HPC,100,60,0.859084326612454,0.595
HPC,100,70,0.8578038796938958,0.595
HPC,100,80,0.8597682160508029,0.595
HPC,100,90,0.8597682160508029,0.595
HPC,100,100,0.8597682160508029,0.595
HPC,100,110,0.8597682160508029,0.595
HPC,100,120,0.8597682160508029,0.595
HPC,100,130,0.8597682160508029,0.595
HPC,100,140,0.8597682160508029,0.595
HPC,100,150,0.8597682160508029,0.595
HPC,100,160,0.8597682160508029,0.595
HPC,100,170,0.8597682160508029,0.595
HPC,100,180,0.8597682160508029,0.595
HPC,100,190,0.8597682160508029,0.595
HPC,100,200,0.8597682160508029,0.595
HPC,100,210,0.8597682160508029,0.595
HPC,100,220,0.8597682160508029,0.595
HPC,100,230,0.8597682160508029,0.595
HPC,100,240,0.8597682160508029,0.595
HPC,100,250,0.8597682160508029,0.595
HPC,100,260,0.8597682160508029,0.595
HPC,100,270,0.8597682160508029,0.595
HPC,100,280,0.8597682160508029,0.595
HPC,100,290,0.8597682160508029,0.595
HPC,100,300,0.8597682160508029,0.595
HPC,100,310,0.8597682160508029,0.595
HPC,100,320,0.8597682160508029,0.595
HPC,100,330,0.8597682160508029,0.595
HPC,100,340,0.8597682160508029,0.595
HPC,100,350,0.8597682160508029,0.595
HPC,100,360,0.8597682160508029,0.595
HPC,100,370,0.8597682160508029,0.595
HPC,100,380,0.8597682160508029,0.595
HPC,100,390,0.8597682160508029,0.595
HPC,100,400,0.8597682160508029,0.595
HPC,100,410,0.8597682160508029,0.595
HPC,100,420,0.8597682160508029,0.595
HPC,100,430,0.8597682160508029,0.595
HPC,100,440,0.8597682160508029,0.595
HPC,100,450,0.8597682160508029,0.595
HPC,100,460,0.8597682160508029,0.595
HPC,100,470,0.8597682160508029,0.595
HPC,100,480,0.8597682160508029,0.595
HPC,100,490,0.8597682160508029,0.595
HPC,110,10,0.8632305160436186,0.693
HPC,110,20,0.8631784443773645,0.688
HPC,110,30,0.8646773934529226,0.71
HPC,110,40,0.8635484987380453,0.6695
HPC,110,50,0.8583222630850335,0.623
HPC,110,60,0.859084326612454,0.595
HPC,110,70,0.8578038796938958,0.595
HPC,110,80,0.8597682160508029,0.595
HPC,110,90,0.8597682160508029,0.595
HPC,110,100,0.8597682160508029,0.595
HPC,110,110,0.8597682160508029,0.595
HPC,110,120,0.8597682160508029,0.595
HPC,110,130,0.8597682160508029,0.595
HPC,110,140,0.8597682160508029,0.595
HPC,110,150,0.8597682160508029,0.595
HPC,110,160,0.8597682160508029,0.595
HPC,110,170,0.8597682160508029,0.595
HPC,110,180,0.8597682160508029,0.595
HPC,110,190,0.8597682160508029,0.595
HPC,110,200,0.8597682160508029,0.595
HPC,110,210,0.8597682160508029,0.595
HPC,110,220,0.8597682160508029,0.595
HPC,110,230,0.8597682160508029,0.595
HPC,110,240,0.8597682160508029,0.595
HPC,110,250,0.8597682160508029,0.595
HPC,110,260,0.8597682160508029,0.595
HPC,110,270,0.8597682160508029,0.595
HPC,110,280,0.8597682160508029,0.595
HPC,110,290,0.8597682160508029,0.595
HPC,110,300,0.8597682160508029,0.595
HPC,110,310,0.8597682160508029,0.595
HPC,110,320,0.8597682160508029,0.595
HPC,110,330,0.8597682160508029,0.595
HPC,110,340,0.8597682160508029,0.595
HPC,110,350,0.8597682160508029,0.595
HPC,110,360,0.8597682160508029,0.595
HPC,110,370,0.8597682160508029,0.595
HPC,110,380,0.8597682160508029,0.595
HPC,110,390,0.8597682160508029,0.595
HPC,110,400,0.8597682160508029,0.595
HPC,110,410,0.8597682160508029,0.595
HPC,110,420,0.8597682160508029,0.595
HPC,110,430,0.8597682160508029,0.595
HPC,110,440,0.8597682160508029,0.595
HPC,110,450,0.8597682160508029,0.595
HPC,110,460,0.8597682160508029,0.595
HPC,110,470,0.8597682160508029,0.595
HPC,110,480,0.8597682160508029,0.595
HPC,110,490,0.8597682160508029,0.595
HPC,120,10,0.8632305160436186,0.693
HPC,120,20,0.8631784443773645,0.688
HPC,120,30,0.8646773934529226,0.71
HPC,120,40,0.8635484987380453,0.6695
HPC,120,50,0.8583222630850335,0.623
HPC,120,60,0.859084326612454,0.595
HPC,120,70,0.8578038796938958,0.595
HPC,120,80,0.8597682160508029,0.595
HPC,120,90,0.8597682160508029,0.595
HPC,120,100,0.8597682160508029,0.595
HPC,120,110,0.8597682160508029,0.595
HPC,120,120,0.8597682160508029,0.595
HPC,120,130,0.8597682160508029,0.595
HPC,120,140,0.8597682160508029,0.595
HPC,120,150,0.8597682160508029,0.595
HPC,120,160,0.8597682160508029,0.595
HPC,120,170,0.8597682160508029,0.595
HPC,120,180,0.8597682160508029,0.595
HPC,120,190,0.8597682160508029,0.595
HPC,120,200,0.8597682160508029,0.595
HPC,120,210,0.8597682160508029,0.595
HPC,120,220,0.8597682160508029,0.595
HPC,120,230,0.8597682160508029,0.595
HPC,120,240,0.8597682160508029,0.595
HPC,120,250,0.8597682160508029,0.595
HPC,120,260,0.8597682160508029,0.595
HPC,120,270,0.8597682160508029,0.595
HPC,120,280,0.8597682160508029,0.595
HPC,120,290,0.8597682160508029,0.595
HPC,120,300,0.8597682160508029,0.595
HPC,120,310,0.8597682160508029,0.595
HPC,120,320,0.8597682160508029,0.595
HPC,120,330,0.8597682160508029,0.595
HPC,120,340,0.8597682160508029,0.595
HPC,120,350,0.8597682160508029,0.595
HPC,120,360,0.8597682160508029,0.595
HPC,120,370,0.8597682160508029,0.595
HPC,120,380,0.8597682160508029,0.595
HPC,120,390,0.8597682160508029,0.595
HPC,120,400,0.8597682160508029,0.595
HPC,120,410,0.8597682160508029,0.595
HPC,120,420,0.8597682160508029,0.595
HPC,120,430,0.8597682160508029,0.595
HPC,120,440,0.8597682160508029,0.595
HPC,120,450,0.8597682160508029,0.595
HPC,120,460,0.8597682160508029,0.595
HPC,120,470,0.8597682160508029,0.595
HPC,120,480,0.8597682160508029,0.595
HPC,120,490,0.8597682160508029,0.595
HPC,130,10,0.8632305160436186,0.693
HPC,130,20,0.8631784443773645,0.688
HPC,130,30,0.8646773934529226,0.71
HPC,130,40,0.8635484987380453,0.6695
HPC,130,50,0.8583222630850335,0.623
HPC,130,60,0.859084326612454,0.595
HPC,130,70,0.8578038796938958,0.595
HPC,130,80,0.8597682160508029,0.595
HPC,130,90,0.8597682160508029,0.595
HPC,130,100,0.8597682160508029,0.595
HPC,130,110,0.8597682160508029,0.595
HPC,130,120,0.8597682160508029,0.595
HPC,130,130,0.8597682160508029,0.595
HPC,130,140,0.8597682160508029,0.595
HPC,130,150,0.8597682160508029,0.595
HPC,130,160,0.8597682160508029,0.595
HPC,130,170,0.8597682160508029,0.595
HPC,130,180,0.8597682160508029,0.595
HPC,130,190,0.8597682160508029,0.595
HPC,130,200,0.8597682160508029,0.595
HPC,130,210,0.8597682160508029,0.595
HPC,130,220,0.8597682160508029,0.595
HPC,130,230,0.8597682160508029,0.595
HPC,130,240,0.8597682160508029,0.595
HPC,130,250,0.8597682160508029,0.595
HPC,130,260,0.8597682160508029,0.595
HPC,130,270,0.8597682160508029,0.595
HPC,130,280,0.8597682160508029,0.595
HPC,130,290,0.8597682160508029,0.595
HPC,130,300,0.8597682160508029,0.595
HPC,130,310,0.8597682160508029,0.595
HPC,130,320,0.8597682160508029,0.595
HPC,130,330,0.8597682160508029,0.595
HPC,130,340,0.8597682160508029,0.595
HPC,130,350,0.8597682160508029,0.595
HPC,130,360,0.8597682160508029,0.595
HPC,130,370,0.8597682160508029,0.595
HPC,130,380,0.8597682160508029,0.595
HPC,130,390,0.8597682160508029,0.595
HPC,130,400,0.8597682160508029,0.595
HPC,130,410,0.8597682160508029,0.595
HPC,130,420,0.8597682160508029,0.595
HPC,130,430,0.8597682160508029,0.595
HPC,130,440,0.8597682160508029,0.595
HPC,130,450,0.8597682160508029,0.595
HPC,130,460,0.8597682160508029,0.595
HPC,130,470,0.8597682160508029,0.595
HPC,130,480,0.8597682160508029,0.595
HPC,130,490,0.8597682160508029,0.595
HPC,140,10,0.8632305160436186,0.693
HPC,140,20,0.8631784443773645,0.688
HPC,140,30,0.8646773934529226,0.71
HPC,140,40,0.8635484987380453,0.6695
HPC,140,50,0.8583222630850335,0.623
HPC,140,60,0.859084326612454,0.595
HPC,140,70,0.8578038796938958,0.595
HPC,140,80,0.8597682160508029,0.595
HPC,140,90,0.8597682160508029,0.595
HPC,140,100,0.8597682160508029,0.595
HPC,140,110,0.8597682160508029,0.595
HPC,140,120,0.8597682160508029,0.595
HPC,140,130,0.8597682160508029,0.595
HPC,140,140,0.8597682160508029,0.595
HPC,140,150,0.8597682160508029,0.595
HPC,140,160,0.8597682160508029,0.595
HPC,140,170,0.8597682160508029,0.595
HPC,140,180,0.8597682160508029,0.595
HPC,140,190,0.8597682160508029,0.595
HPC,140,200,0.8597682160508029,0.595
HPC,140,210,0.8597682160508029,0.595
HPC,140,220,0.8597682160508029,0.595
HPC,140,230,0.8597682160508029,0.595
HPC,140,240,0.8597682160508029,0.595
HPC,140,250,0.8597682160508029,0.595
HPC,140,260,0.8597682160508029,0.595
HPC,140,270,0.8597682160508029,0.595
HPC,140,280,0.8597682160508029,0.595
HPC,140,290,0.8597682160508029,0.595
HPC,140,300,0.8597682160508029,0.595
HPC,140,310,0.8597682160508029,0.595
HPC,140,320,0.8597682160508029,0.595
HPC,140,330,0.8597682160508029,0.595
HPC,140,340,0.8597682160508029,0.595
HPC,140,350,0.8597682160508029,0.595
HPC,140,360,0.8597682160508029,0.595
HPC,140,370,0.8597682160508029,0.595
HPC,140,380,0.8597682160508029,0.595
HPC,140,390,0.8597682160508029,0.595
HPC,140,400,0.8597682160508029,0.595
HPC,140,410,0.8597682160508029,0.595
HPC,140,420,0.8597682160508029,0.595
HPC,140,430,0.8597682160508029,0.595
HPC,140,440,0.8597682160508029,0.595
HPC,140,450,0.8597682160508029,0.595
HPC,140,460,0.8597682160508029,0.595
HPC,140,470,0.8597682160508029,0.595
HPC,140,480,0.8597682160508029,0.595
HPC,140,490,0.8597682160508029,0.595
HPC,150,10,0.8632305160436186,0.693
HPC,150,20,0.8631784443773645,0.688
HPC,150,30,0.8646773934529226,0.71
HPC,150,40,0.8635484987380453,0.6695
HPC,150,50,0.8583222630850335,0.623
HPC,150,60,0.859084326612454,0.595
HPC,150,70,0.8578038796938958,0.595
HPC,150,80,0.8597682160508029,0.595
HPC,150,90,0.8597682160508029,0.595
HPC,150,100,0.8597682160508029,0.595
HPC,150,110,0.8597682160508029,0.595
HPC,150,120,0.8597682160508029,0.595
HPC,150,130,0.8597682160508029,0.595
HPC,150,140,0.8597682160508029,0.595
HPC,150,150,0.8597682160508029,0.595
HPC,150,160,0.8597682160508029,0.595
HPC,150,170,0.8597682160508029,0.595
HPC,150,180,0.8597682160508029,0.595
HPC,150,190,0.8597682160508029,0.595
HPC,150,200,0.8597682160508029,0.595
HPC,150,210,0.8597682160508029,0.595
HPC,150,220,0.8597682160508029,0.595
HPC,150,230,0.8597682160508029,0.595
HPC,150,240,0.8597682160508029,0.595
HPC,150,250,0.8597682160508029,0.595
HPC,150,260,0.8597682160508029,0.595
HPC,150,270,0.8597682160508029,0.595
HPC,150,280,0.8597682160508029,0.595
HPC,150,290,0.8597682160508029,0.595
HPC,150,300,0.8597682160508029,0.595
HPC,150,310,0.8597682160508029,0.595
HPC,150,320,0.8597682160508029,0.595
HPC,150,330,0.8597682160508029,0.595
HPC,150,340,0.8597682160508029,0.595
HPC,150,350,0.8597682160508029,0.595
HPC,150,360,0.8597682160508029,0.595
HPC,150,370,0.8597682160508029,0.595
HPC,150,380,0.8597682160508029,0.595
HPC,150,390,0.8597682160508029,0.595
HPC,150,400,0.8597682160508029,0.595
HPC,150,410,0.8597682160508029,0.595
HPC,150,420,0.8597682160508029,0.595
HPC,150,430,0.8597682160508029,0.595
HPC,150,440,0.8597682160508029,0.595
HPC,150,450,0.8597682160508029,0.595
HPC,150,460,0.8597682160508029,0.595
HPC,150,470,0.8597682160508029,0.595
HPC,150,480,0.8597682160508029,0.595
HPC,150,490,0.8597682160508029,0.595
HPC,160,10,0.8632305160436186,0.693
HPC,160,20,0.8631784443773645,0.688
HPC,160,30,0.8646773934529226,0.71
HPC,160,40,0.8635484987380453,0.6695
HPC,160,50,0.8583222630850335,0.623
HPC,160,60,0.859084326612454,0.595
HPC,160,70,0.8578038796938958,0.595
HPC,160,80,0.8597682160508029,0.595
HPC,160,90,0.8597682160508029,0.595
HPC,160,100,0.8597682160508029,0.595
HPC,160,110,0.8597682160508029,0.595
HPC,160,120,0.8597682160508029,0.595
HPC,160,130,0.8597682160508029,0.595
HPC,160,140,0.8597682160508029,0.595
HPC,160,150,0.8597682160508029,0.595
HPC,160,160,0.8597682160508029,0.595
HPC,160,170,0.8597682160508029,0.595
HPC,160,180,0.8597682160508029,0.595
HPC,160,190,0.8597682160508029,0.595
HPC,160,200,0.8597682160508029,0.595
HPC,160,210,0.8597682160508029,0.595
HPC,160,220,0.8597682160508029,0.595
HPC,160,230,0.8597682160508029,0.595
HPC,160,240,0.8597682160508029,0.595
HPC,160,250,0.8597682160508029,0.595
HPC,160,260,0.8597682160508029,0.595
HPC,160,270,0.8597682160508029,0.595
HPC,160,280,0.8597682160508029,0.595
HPC,160,290,0.8597682160508029,0.595
HPC,160,300,0.8597682160508029,0.595
HPC,160,310,0.8597682160508029,0.595
HPC,160,320,0.8597682160508029,0.595
HPC,160,330,0.8597682160508029,0.595
HPC,160,340,0.8597682160508029,0.595
HPC,160,350,0.8597682160508029,0.595
HPC,160,360,0.8597682160508029,0.595
HPC,160,370,0.8597682160508029,0.595
HPC,160,380,0.8597682160508029,0.595
HPC,160,390,0.8597682160508029,0.595
HPC,160,400,0.8597682160508029,0.595
HPC,160,410,0.8597682160508029,0.595
HPC,160,420,0.8597682160508029,0.595
HPC,160,430,0.8597682160508029,0.595
HPC,160,440,0.8597682160508029,0.595
HPC,160,450,0.8597682160508029,0.595
HPC,160,460,0.8597682160508029,0.595
HPC,160,470,0.8597682160508029,0.595
HPC,160,480,0.8597682160508029,0.595
HPC,160,490,0.8597682160508029,0.595
HPC,170,10,0.8632305160436186,0.693
HPC,170,20,0.8631784443773645,0.688
HPC,170,30,0.8646773934529226,0.71
HPC,170,40,0.8635484987380453,0.6695
HPC,170,50,0.8583222630850335,0.623
HPC,170,60,0.859084326612454,0.595
HPC,170,70,0.8578038796938958,0.595
HPC,170,80,0.8597682160508029,0.595
HPC,170,90,0.8597682160508029,0.595
HPC,170,100,0.8597682160508029,0.595
HPC,170,110,0.8597682160508029,0.595
HPC,170,120,0.8597682160508029,0.595
HPC,170,130,0.8597682160508029,0.595
HPC,170,140,0.8597682160508029,0.595
HPC,170,150,0.8597682160508029,0.595
HPC,170,160,0.8597682160508029,0.595
HPC,170,170,0.8597682160508029,0.595
HPC,170,180,0.8597682160508029,0.595
HPC,170,190,0.8597682160508029,0.595
HPC,170,200,0.8597682160508029,0.595
HPC,170,210,0.8597682160508029,0.595
HPC,170,220,0.8597682160508029,0.595
HPC,170,230,0.8597682160508029,0.595
HPC,170,240,0.8597682160508029,0.595
HPC,170,250,0.8597682160508029,0.595
HPC,170,260,0.8597682160508029,0.595
HPC,170,270,0.8597682160508029,0.595
HPC,170,280,0.8597682160508029,0.595
HPC,170,290,0.8597682160508029,0.595
HPC,170,300,0.8597682160508029,0.595
HPC,170,310,0.8597682160508029,0.595
HPC,170,320,0.8597682160508029,0.595
HPC,170,330,0.8597682160508029,0.595
HPC,170,340,0.8597682160508029,0.595
HPC,170,350,0.8597682160508029,0.595
HPC,170,360,0.8597682160508029,0.595
HPC,170,370,0.8597682160508029,0.595
HPC,170,380,0.8597682160508029,0.595
HPC,170,390,0.8597682160508029,0.595
HPC,170,400,0.8597682160508029,0.595
HPC,170,410,0.8597682160508029,0.595
HPC,170,420,0.8597682160508029,0.595
HPC,170,430,0.8597682160508029,0.595
HPC,170,440,0.8597682160508029,0.595
HPC,170,450,0.8597682160508029,0.595
HPC,170,460,0.8597682160508029,0.595
HPC,170,470,0.8597682160508029,0.595
HPC,170,480,0.8597682160508029,0.595
HPC,170,490,0.8597682160508029,0.595
HPC,180,10,0.8632305160436186,0.693
HPC,180,20,0.8631784443773645,0.688
HPC,180,30,0.8646773934529226,0.71
HPC,180,40,0.8635484987380453,0.6695
HPC,180,50,0.8583222630850335,0.623
HPC,180,60,0.859084326612454,0.595
HPC,180,70,0.8578038796938958,0.595
HPC,180,80,0.8597682160508029,0.595
HPC,180,90,0.8597682160508029,0.595
HPC,180,100,0.8597682160508029,0.595
HPC,180,110,0.8597682160508029,0.595
HPC,180,120,0.8597682160508029,0.595
HPC,180,130,0.8597682160508029,0.595
HPC,180,140,0.8597682160508029,0.595
HPC,180,150,0.8597682160508029,0.595
HPC,180,160,0.8597682160508029,0.595
HPC,180,170,0.8597682160508029,0.595
HPC,180,180,0.8597682160508029,0.595
HPC,180,190,0.8597682160508029,0.595
HPC,180,200,0.8597682160508029,0.595
HPC,180,210,0.8597682160508029,0.595
HPC,180,220,0.8597682160508029,0.595
HPC,180,230,0.8597682160508029,0.595
HPC,180,240,0.8597682160508029,0.595
HPC,180,250,0.8597682160508029,0.595
HPC,180,260,0.8597682160508029,0.595
HPC,180,270,0.8597682160508029,0.595
HPC,180,280,0.8597682160508029,0.595
HPC,180,290,0.8597682160508029,0.595
HPC,180,300,0.8597682160508029,0.595
HPC,180,310,0.8597682160508029,0.595
HPC,180,320,0.8597682160508029,0.595
HPC,180,330,0.8597682160508029,0.595
HPC,180,340,0.8597682160508029,0.595
HPC,180,350,0.8597682160508029,0.595
HPC,180,360,0.8597682160508029,0.595
HPC,180,370,0.8597682160508029,0.595
HPC,180,380,0.8597682160508029,0.595
HPC,180,390,0.8597682160508029,0.595
HPC,180,400,0.8597682160508029,0.595
HPC,180,410,0.8597682160508029,0.595
HPC,180,420,0.8597682160508029,0.595
HPC,180,430,0.8597682160508029,0.595
HPC,180,440,0.8597682160508029,0.595
HPC,180,450,0.8597682160508029,0.595
HPC,180,460,0.8597682160508029,0.595
HPC,180,470,0.8597682160508029,0.595
HPC,180,480,0.8597682160508029,0.595
HPC,180,490,0.8597682160508029,0.595
HPC,190,10,0.8632305160436186,0.693
HPC,190,20,0.8631784443773645,0.688
HPC,190,30,0.8646773934529226,0.71
HPC,190,40,0.8635484987380453,0.6695
HPC,190,50,0.8583222630850335,0.623
HPC,190,60,0.859084326612454,0.595
HPC,190,70,0.8578038796938958,0.595
HPC,190,80,0.8597682160508029,0.595
HPC,190,90,0.8597682160508029,0.595
HPC,190,100,0.8597682160508029,0.595
HPC,190,110,0.8597682160508029,0.595
HPC,190,120,0.8597682160508029,0.595
HPC,190,130,0.8597682160508029,0.595
HPC,190,140,0.8597682160508029,0.595
HPC,190,150,0.8597682160508029,0.595
HPC,190,160,0.8597682160508029,0.595
HPC,190,170,0.8597682160508029,0.595
HPC,190,180,0.8597682160508029,0.595
HPC,190,190,0.8597682160508029,0.595
HPC,190,200,0.8597682160508029,0.595
HPC,190,210,0.8597682160508029,0.595
HPC,190,220,0.8597682160508029,0.595
HPC,190,230,0.8597682160508029,0.595
HPC,190,240,0.8597682160508029,0.595
HPC,190,250,0.8597682160508029,0.595
HPC,190,260,0.8597682160508029,0.595
HPC,190,270,0.8597682160508029,0.595
HPC,190,280,0.8597682160508029,0.595
HPC,190,290,0.8597682160508029,0.595
HPC,190,300,0.8597682160508029,0.595
HPC,190,310,0.8597682160508029,0.595
HPC,190,320,0.8597682160508029,0.595
HPC,190,330,0.8597682160508029,0.595
HPC,190,340,0.8597682160508029,0.595
HPC,190,350,0.8597682160508029,0.595
HPC,190,360,0.8597682160508029,0.595
HPC,190,370,0.8597682160508029,0.595
HPC,190,380,0.8597682160508029,0.595
HPC,190,390,0.8597682160508029,0.595
HPC,190,400,0.8597682160508029,0.595
HPC,190,410,0.8597682160508029,0.595
HPC,190,420,0.8597682160508029,0.595
HPC,190,430,0.8597682160508029,0.595
HPC,190,440,0.8597682160508029,0.595
HPC,190,450,0.8597682160508029,0.595
HPC,190,460,0.8597682160508029,0.595
HPC,190,470,0.8597682160508029,0.595
HPC,190,480,0.8597682160508029,0.595
HPC,190,490,0.8597682160508029,0.595
HPC,200,10,0.8632305160436186,0.693
HPC,200,20,0.8631784443773645,0.688
HPC,200,30,0.8646773934529226,0.71
HPC,200,40,0.8635484987380453,0.6695
HPC,200,50,0.8583222630850335,0.623
HPC,200,60,0.859084326612454,0.595
HPC,200,70,0.8578038796938958,0.595
HPC,200,80,0.8597682160508029,0.595
HPC,200,90,0.8597682160508029,0.595
HPC,200,100,0.8597682160508029,0.595
HPC,200,110,0.8597682160508029,0.595
HPC,200,120,0.8597682160508029,0.595
HPC,200,130,0.8597682160508029,0.595
HPC,200,140,0.8597682160508029,0.595
HPC,200,150,0.8597682160508029,0.595
HPC,200,160,0.8597682160508029,0.595
HPC,200,170,0.8597682160508029,0.595
HPC,200,180,0.8597682160508029,0.595
HPC,200,190,0.8597682160508029,0.595
HPC,200,200,0.8597682160508029,0.595
HPC,200,210,0.8597682160508029,0.595
HPC,200,220,0.8597682160508029,0.595
HPC,200,230,0.8597682160508029,0.595
HPC,200,240,0.8597682160508029,0.595
HPC,200,250,0.8597682160508029,0.595
HPC,200,260,0.8597682160508029,0.595
HPC,200,270,0.8597682160508029,0.595
HPC,200,280,0.8597682160508029,0.595
HPC,200,290,0.8597682160508029,0.595
HPC,200,300,0.8597682160508029,0.595
HPC,200,310,0.8597682160508029,0.595
HPC,200,320,0.8597682160508029,0.595
HPC,200,330,0.8597682160508029,0.595
HPC,200,340,0.8597682160508029,0.595
HPC,200,350,0.8597682160508029,0.595
HPC,200,360,0.8597682160508029,0.595
HPC,200,370,0.8597682160508029,0.595
HPC,200,380,0.8597682160508029,0.595
HPC,200,390,0.8597682160508029,0.595
HPC,200,400,0.8597682160508029,0.595
HPC,200,410,0.8597682160508029,0.595
HPC,200,420,0.8597682160508029,0.595
HPC,200,430,0.8597682160508029,0.595
HPC,200,440,0.8597682160508029,0.595
HPC,200,450,0.8597682160508029,0.595
HPC,200,460,0.8597682160508029,0.595
HPC,200,470,0.8597682160508029,0.595
HPC,200,480,0.8597682160508029,0.595
HPC,200,490,0.8597682160508029,0.595
HPC,210,10,0.8632305160436186,0.693
HPC,210,20,0.8631784443773645,0.688
HPC,210,30,0.8646773934529226,0.71
HPC,210,40,0.8635484987380453,0.6695
HPC,210,50,0.8583222630850335,0.623
HPC,210,60,0.859084326612454,0.595
HPC,210,70,0.8578038796938958,0.595
HPC,210,80,0.8597682160508029,0.595
HPC,210,90,0.8597682160508029,0.595
HPC,210,100,0.8597682160508029,0.595
HPC,210,110,0.8597682160508029,0.595
HPC,210,120,0.8597682160508029,0.595
HPC,210,130,0.8597682160508029,0.595
HPC,210,140,0.8597682160508029,0.595
HPC,210,150,0.8597682160508029,0.595
HPC,210,160,0.8597682160508029,0.595
HPC,210,170,0.8597682160508029,0.595
HPC,210,180,0.8597682160508029,0.595
HPC,210,190,0.8597682160508029,0.595
HPC,210,200,0.8597682160508029,0.595
HPC,210,210,0.8597682160508029,0.595
HPC,210,220,0.8597682160508029,0.595
HPC,210,230,0.8597682160508029,0.595
HPC,210,240,0.8597682160508029,0.595
HPC,210,250,0.8597682160508029,0.595
HPC,210,260,0.8597682160508029,0.595
HPC,210,270,0.8597682160508029,0.595
HPC,210,280,0.8597682160508029,0.595
HPC,210,290,0.8597682160508029,0.595
HPC,210,300,0.8597682160508029,0.595
HPC,210,310,0.8597682160508029,0.595
HPC,210,320,0.8597682160508029,0.595
HPC,210,330,0.8597682160508029,0.595
HPC,210,340,0.8597682160508029,0.595
HPC,210,350,0.8597682160508029,0.595
HPC,210,360,0.8597682160508029,0.595
HPC,210,370,0.8597682160508029,0.595
HPC,210,380,0.8597682160508029,0.595
HPC,210,390,0.8597682160508029,0.595
HPC,210,400,0.8597682160508029,0.595
HPC,210,410,0.8597682160508029,0.595
HPC,210,420,0.8597682160508029,0.595
HPC,210,430,0.8597682160508029,0.595
HPC,210,440,0.8597682160508029,0.595
HPC,210,450,0.8597682160508029,0.595
HPC,210,460,0.8597682160508029,0.595
HPC,210,470,0.8597682160508029,0.595
HPC,210,480,0.8597682160508029,0.595
HPC,210,490,0.8597682160508029,0.595
HPC,220,10,0.8632305160436186,0.693
HPC,220,20,0.8631784443773645,0.688
HPC,220,30,0.8646773934529226,0.71
HPC,220,40,0.8635484987380453,0.6695
HPC,220,50,0.8583222630850335,0.623
HPC,220,60,0.859084326612454,0.595
HPC,220,70,0.8578038796938958,0.595
HPC,220,80,0.8597682160508029,0.595
HPC,220,90,0.8597682160508029,0.595
HPC,220,100,0.8597682160508029,0.595
HPC,220,110,0.8597682160508029,0.595
HPC,220,120,0.8597682160508029,0.595
HPC,220,130,0.8597682160508029,0.595
HPC,220,140,0.8597682160508029,0.595
HPC,220,150,0.8597682160508029,0.595
HPC,220,160,0.8597682160508029,0.595
HPC,220,170,0.8597682160508029,0.595
HPC,220,180,0.8597682160508029,0.595
HPC,220,190,0.8597682160508029,0.595
HPC,220,200,0.8597682160508029,0.595
HPC,220,210,0.8597682160508029,0.595
HPC,220,220,0.8597682160508029,0.595
HPC,220,230,0.8597682160508029,0.595
HPC,220,240,0.8597682160508029,0.595
HPC,220,250,0.8597682160508029,0.595
HPC,220,260,0.8597682160508029,0.595
HPC,220,270,0.8597682160508029,0.595
HPC,220,280,0.8597682160508029,0.595
HPC,220,290,0.8597682160508029,0.595
HPC,220,300,0.8597682160508029,0.595
HPC,220,310,0.8597682160508029,0.595
HPC,220,320,0.8597682160508029,0.595
HPC,220,330,0.8597682160508029,0.595
HPC,220,340,0.8597682160508029,0.595
HPC,220,350,0.8597682160508029,0.595
HPC,220,360,0.8597682160508029,0.595
HPC,220,370,0.8597682160508029,0.595
HPC,220,380,0.8597682160508029,0.595
HPC,220,390,0.8597682160508029,0.595
HPC,220,400,0.8597682160508029,0.595
HPC,220,410,0.8597682160508029,0.595
HPC,220,420,0.8597682160508029,0.595
HPC,220,430,0.8597682160508029,0.595
HPC,220,440,0.8597682160508029,0.595
HPC,220,450,0.8597682160508029,0.595
HPC,220,460,0.8597682160508029,0.595
HPC,220,470,0.8597682160508029,0.595
HPC,220,480,0.8597682160508029,0.595
HPC,220,490,0.8597682160508029,0.595
HPC,230,10,0.8632305160436186,0.693
HPC,230,20,0.8631784443773645,0.688
HPC,230,30,0.8646773934529226,0.71
HPC,230,40,0.8635484987380453,0.6695
HPC,230,50,0.8583222630850335,0.623
HPC,230,60,0.859084326612454,0.595
HPC,230,70,0.8578038796938958,0.595
HPC,230,80,0.8597682160508029,0.595
HPC,230,90,0.8597682160508029,0.595
HPC,230,100,0.8597682160508029,0.595
HPC,230,110,0.8597682160508029,0.595
HPC,230,120,0.8597682160508029,0.595
HPC,230,130,0.8597682160508029,0.595
HPC,230,140,0.8597682160508029,0.595
HPC,230,150,0.8597682160508029,0.595
HPC,230,160,0.8597682160508029,0.595
HPC,230,170,0.8597682160508029,0.595
HPC,230,180,0.8597682160508029,0.595
HPC,230,190,0.8597682160508029,0.595
HPC,230,200,0.8597682160508029,0.595
HPC,230,210,0.8597682160508029,0.595
HPC,230,220,0.8597682160508029,0.595
HPC,230,230,0.8597682160508029,0.595
HPC,230,240,0.8597682160508029,0.595
HPC,230,250,0.8597682160508029,0.595
HPC,230,260,0.8597682160508029,0.595
HPC,230,270,0.8597682160508029,0.595
HPC,230,280,0.8597682160508029,0.595
HPC,230,290,0.8597682160508029,0.595
HPC,230,300,0.8597682160508029,0.595
HPC,230,310,0.8597682160508029,0.595
HPC,230,320,0.8597682160508029,0.595
HPC,230,330,0.8597682160508029,0.595
HPC,230,340,0.8597682160508029,0.595
HPC,230,350,0.8597682160508029,0.595
HPC,230,360,0.8597682160508029,0.595
HPC,230,370,0.8597682160508029,0.595
HPC,230,380,0.8597682160508029,0.595
HPC,230,390,0.8597682160508029,0.595
HPC,230,400,0.8597682160508029,0.595
HPC,230,410,0.8597682160508029,0.595
HPC,230,420,0.8597682160508029,0.595
HPC,230,430,0.8597682160508029,0.595
HPC,230,440,0.8597682160508029,0.595
HPC,230,450,0.8597682160508029,0.595
HPC,230,460,0.8597682160508029,0.595
HPC,230,470,0.8597682160508029,0.595
HPC,230,480,0.8597682160508029,0.595
HPC,230,490,0.8597682160508029,0.595
HPC,240,10,0.8632305160436186,0.693
HPC,240,20,0.8631784443773645,0.688
HPC,240,30,0.8646773934529226,0.71
HPC,240,40,0.8635484987380453,0.6695
HPC,240,50,0.8583222630850335,0.623
HPC,240,60,0.859084326612454,0.595
HPC,240,70,0.8578038796938958,0.595
HPC,240,80,0.8597682160508029,0.595
HPC,240,90,0.8597682160508029,0.595
HPC,240,100,0.8597682160508029,0.595
HPC,240,110,0.8597682160508029,0.595
HPC,240,120,0.8597682160508029,0.595
HPC,240,130,0.8597682160508029,0.595
HPC,240,140,0.8597682160508029,0.595
HPC,240,150,0.8597682160508029,0.595
HPC,240,160,0.8597682160508029,0.595
HPC,240,170,0.8597682160508029,0.595
HPC,240,180,0.8597682160508029,0.595
HPC,240,190,0.8597682160508029,0.595
HPC,240,200,0.8597682160508029,0.595
HPC,240,210,0.8597682160508029,0.595
HPC,240,220,0.8597682160508029,0.595
HPC,240,230,0.8597682160508029,0.595
HPC,240,240,0.8597682160508029,0.595
HPC,240,250,0.8597682160508029,0.595
HPC,240,260,0.8597682160508029,0.595
HPC,240,270,0.8597682160508029,0.595
HPC,240,280,0.8597682160508029,0.595
HPC,240,290,0.8597682160508029,0.595
HPC,240,300,0.8597682160508029,0.595
HPC,240,310,0.8597682160508029,0.595
HPC,240,320,0.8597682160508029,0.595
HPC,240,330,0.8597682160508029,0.595
HPC,240,340,0.8597682160508029,0.595
HPC,240,350,0.8597682160508029,0.595
HPC,240,360,0.8597682160508029,0.595
HPC,240,370,0.8597682160508029,0.595
HPC,240,380,0.8597682160508029,0.595
HPC,240,390,0.8597682160508029,0.595
HPC,240,400,0.8597682160508029,0.595
HPC,240,410,0.8597682160508029,0.595
HPC,240,420,0.8597682160508029,0.595
HPC,240,430,0.8597682160508029,0.595
HPC,240,440,0.8597682160508029,0.595
HPC,240,450,0.8597682160508029,0.595
HPC,240,460,0.8597682160508029,0.595
HPC,240,470,0.8597682160508029,0.595
HPC,240,480,0.8597682160508029,0.595
HPC,240,490,0.8597682160508029,0.595
HPC,250,10,0.8632305160436186,0.693
HPC,250,20,0.8631784443773645,0.688
HPC,250,30,0.8646773934529226,0.71
HPC,250,40,0.8635484987380453,0.6695
HPC,250,50,0.8583222630850335,0.623
HPC,250,60,0.859084326612454,0.595
HPC,250,70,0.8578038796938958,0.595
HPC,250,80,0.8597682160508029,0.595
HPC,250,90,0.8597682160508029,0.595
HPC,250,100,0.8597682160508029,0.595
HPC,250,110,0.8597682160508029,0.595
HPC,250,120,0.8597682160508029,0.595
HPC,250,130,0.8597682160508029,0.595
HPC,250,140,0.8597682160508029,0.595
HPC,250,150,0.8597682160508029,0.595
HPC,250,160,0.8597682160508029,0.595
HPC,250,170,0.8597682160508029,0.595
HPC,250,180,0.8597682160508029,0.595
HPC,250,190,0.8597682160508029,0.595
HPC,250,200,0.8597682160508029,0.595
HPC,250,210,0.8597682160508029,0.595
HPC,250,220,0.8597682160508029,0.595
HPC,250,230,0.8597682160508029,0.595
HPC,250,240,0.8597682160508029,0.595
HPC,250,250,0.8597682160508029,0.595
HPC,250,260,0.8597682160508029,0.595
HPC,250,270,0.8597682160508029,0.595
HPC,250,280,0.8597682160508029,0.595
HPC,250,290,0.8597682160508029,0.595
HPC,250,300,0.8597682160508029,0.595
HPC,250,310,0.8597682160508029,0.595
HPC,250,320,0.8597682160508029,0.595
HPC,250,330,0.8597682160508029,0.595
HPC,250,340,0.8597682160508029,0.595
HPC,250,350,0.8597682160508029,0.595
HPC,250,360,0.8597682160508029,0.595
HPC,250,370,0.8597682160508029,0.595
HPC,250,380,0.8597682160508029,0.595
HPC,250,390,0.8597682160508029,0.595
HPC,250,400,0.8597682160508029,0.595
HPC,250,410,0.8597682160508029,0.595
HPC,250,420,0.8597682160508029,0.595
HPC,250,430,0.8597682160508029,0.595
HPC,250,440,0.8597682160508029,0.595
HPC,250,450,0.8597682160508029,0.595
HPC,250,460,0.8597682160508029,0.595
HPC,250,470,0.8597682160508029,0.595
HPC,250,480,0.8597682160508029,0.595
HPC,250,490,0.8597682160508029,0.595
HPC,260,10,0.8632305160436186,0.693
HPC,260,20,0.8631784443773645,0.688
HPC,260,30,0.8646773934529226,0.71
HPC,260,40,0.8635484987380453,0.6695
HPC,260,50,0.8583222630850335,0.623
HPC,260,60,0.859084326612454,0.595
HPC,260,70,0.8578038796938958,0.595
HPC,260,80,0.8597682160508029,0.595
HPC,260,90,0.8597682160508029,0.595
HPC,260,100,0.8597682160508029,0.595
HPC,260,110,0.8597682160508029,0.595
HPC,260,120,0.8597682160508029,0.595
HPC,260,130,0.8597682160508029,0.595
HPC,260,140,0.8597682160508029,0.595
HPC,260,150,0.8597682160508029,0.595
HPC,260,160,0.8597682160508029,0.595
HPC,260,170,0.8597682160508029,0.595
HPC,260,180,0.8597682160508029,0.595
HPC,260,190,0.8597682160508029,0.595
HPC,260,200,0.8597682160508029,0.595
HPC,260,210,0.8597682160508029,0.595
HPC,260,220,0.8597682160508029,0.595
HPC,260,230,0.8597682160508029,0.595
HPC,260,240,0.8597682160508029,0.595
HPC,260,250,0.8597682160508029,0.595
HPC,260,260,0.8597682160508029,0.595
HPC,260,270,0.8597682160508029,0.595
HPC,260,280,0.8597682160508029,0.595
HPC,260,290,0.8597682160508029,0.595
HPC,260,300,0.8597682160508029,0.595
HPC,260,310,0.8597682160508029,0.595
HPC,260,320,0.8597682160508029,0.595
HPC,260,330,0.8597682160508029,0.595
HPC,260,340,0.8597682160508029,0.595
HPC,260,350,0.8597682160508029,0.595
HPC,260,360,0.8597682160508029,0.595
HPC,260,370,0.8597682160508029,0.595
HPC,260,380,0.8597682160508029,0.595
HPC,260,390,0.8597682160508029,0.595
HPC,260,400,0.8597682160508029,0.595
HPC,260,410,0.8597682160508029,0.595
HPC,260,420,0.8597682160508029,0.595
HPC,260,430,0.8597682160508029,0.595
HPC,260,440,0.8597682160508029,0.595
HPC,260,450,0.8597682160508029,0.595
HPC,260,460,0.8597682160508029,0.595
HPC,260,470,0.8597682160508029,0.595
HPC,260,480,0.8597682160508029,0.595
HPC,260,490,0.8597682160508029,0.595
HPC,270,10,0.8632305160436186,0.693
HPC,270,20,0.8631784443773645,0.688
HPC,270,30,0.8646773934529226,0.71
HPC,270,40,0.8635484987380453,0.6695
HPC,270,50,0.8583222630850335,0.623
HPC,270,60,0.859084326612454,0.595
HPC,270,70,0.8578038796938958,0.595
HPC,270,80,0.8597682160508029,0.595
HPC,270,90,0.8597682160508029,0.595
HPC,270,100,0.8597682160508029,0.595
HPC,270,110,0.8597682160508029,0.595
HPC,270,120,0.8597682160508029,0.595
HPC,270,130,0.8597682160508029,0.595
HPC,270,140,0.8597682160508029,0.595
HPC,270,150,0.8597682160508029,0.595
HPC,270,160,0.8597682160508029,0.595
HPC,270,170,0.8597682160508029,0.595
HPC,270,180,0.8597682160508029,0.595
HPC,270,190,0.8597682160508029,0.595
HPC,270,200,0.8597682160508029,0.595
HPC,270,210,0.8597682160508029,0.595
HPC,270,220,0.8597682160508029,0.595
HPC,270,230,0.8597682160508029,0.595
HPC,270,240,0.8597682160508029,0.595
HPC,270,250,0.8597682160508029,0.595
HPC,270,260,0.8597682160508029,0.595
HPC,270,270,0.8597682160508029,0.595
HPC,270,280,0.8597682160508029,0.595
HPC,270,290,0.8597682160508029,0.595
HPC,270,300,0.8597682160508029,0.595
HPC,270,310,0.8597682160508029,0.595
HPC,270,320,0.8597682160508029,0.595
HPC,270,330,0.8597682160508029,0.595
HPC,270,340,0.8597682160508029,0.595
HPC,270,350,0.8597682160508029,0.595
HPC,270,360,0.8597682160508029,0.595
HPC,270,370,0.8597682160508029,0.595
HPC,270,380,0.8597682160508029,0.595
HPC,270,390,0.8597682160508029,0.595
HPC,270,400,0.8597682160508029,0.595
HPC,270,410,0.8597682160508029,0.595
HPC,270,420,0.8597682160508029,0.595
HPC,270,430,0.8597682160508029,0.595
HPC,270,440,0.8597682160508029,0.595
HPC,270,450,0.8597682160508029,0.595
HPC,270,460,0.8597682160508029,0.595
HPC,270,470,0.8597682160508029,0.595
HPC,270,480,0.8597682160508029,0.595
HPC,270,490,0.8597682160508029,0.595
HPC,280,10,0.8632305160436186,0.693
HPC,280,20,0.8631784443773645,0.688
HPC,280,30,0.8646773934529226,0.71
HPC,280,40,0.8635484987380453,0.6695
HPC,280,50,0.8583222630850335,0.623
HPC,280,60,0.859084326612454,0.595
HPC,280,70,0.8578038796938958,0.595
HPC,280,80,0.8597682160508029,0.595
HPC,280,90,0.8597682160508029,0.595
HPC,280,100,0.8597682160508029,0.595
HPC,280,110,0.8597682160508029,0.595
HPC,280,120,0.8597682160508029,0.595
HPC,280,130,0.8597682160508029,0.595
HPC,280,140,0.8597682160508029,0.595
HPC,280,150,0.8597682160508029,0.595
HPC,280,160,0.8597682160508029,0.595
HPC,280,170,0.8597682160508029,0.595
HPC,280,180,0.8597682160508029,0.595
HPC,280,190,0.8597682160508029,0.595
HPC,280,200,0.8597682160508029,0.595
HPC,280,210,0.8597682160508029,0.595
HPC,280,220,0.8597682160508029,0.595
HPC,280,230,0.8597682160508029,0.595
HPC,280,240,0.8597682160508029,0.595
HPC,280,250,0.8597682160508029,0.595
HPC,280,260,0.8597682160508029,0.595
HPC,280,270,0.8597682160508029,0.595
HPC,280,280,0.8597682160508029,0.595
HPC,280,290,0.8597682160508029,0.595
HPC,280,300,0.8597682160508029,0.595
HPC,280,310,0.8597682160508029,0.595
HPC,280,320,0.8597682160508029,0.595
HPC,280,330,0.8597682160508029,0.595
HPC,280,340,0.8597682160508029,0.595
HPC,280,350,0.8597682160508029,0.595
HPC,280,360,0.8597682160508029,0.595
HPC,280,370,0.8597682160508029,0.595
HPC,280,380,0.8597682160508029,0.595
HPC,280,390,0.8597682160508029,0.595
HPC,280,400,0.8597682160508029,0.595
HPC,280,410,0.8597682160508029,0.595
HPC,280,420,0.8597682160508029,0.595
HPC,280,430,0.8597682160508029,0.595
HPC,280,440,0.8597682160508029,0.595
HPC,280,450,0.8597682160508029,0.595
HPC,280,460,0.8597682160508029,0.595
HPC,280,470,0.8597682160508029,0.595
HPC,280,480,0.8597682160508029,0.595
HPC,280,490,0.8597682160508029,0.595
HPC,290,10,0.8632305160436186,0.693
HPC,290,20,0.8631784443773645,0.688
HPC,290,30,0.8646773934529226,0.71
HPC,290,40,0.8635484987380453,0.6695
HPC,290,50,0.8583222630850335,0.623
HPC,290,60,0.859084326612454,0.595
HPC,290,70,0.8578038796938958,0.595
HPC,290,80,0.8597682160508029,0.595
HPC,290,90,0.8597682160508029,0.595
HPC,290,100,0.8597682160508029,0.595
HPC,290,110,0.8597682160508029,0.595
HPC,290,120,0.8597682160508029,0.595
HPC,290,130,0.8597682160508029,0.595
HPC,290,140,0.8597682160508029,0.595
HPC,290,150,0.8597682160508029,0.595
HPC,290,160,0.8597682160508029,0.595
HPC,290,170,0.8597682160508029,0.595
HPC,290,180,0.8597682160508029,0.595
HPC,290,190,0.8597682160508029,0.595
HPC,290,200,0.8597682160508029,0.595
HPC,290,210,0.8597682160508029,0.595
HPC,290,220,0.8597682160508029,0.595
HPC,290,230,0.8597682160508029,0.595
HPC,290,240,0.8597682160508029,0.595
HPC,290,250,0.8597682160508029,0.595
HPC,290,260,0.8597682160508029,0.595
HPC,290,270,0.8597682160508029,0.595
HPC,290,280,0.8597682160508029,0.595
HPC,290,290,0.8597682160508029,0.595
HPC,290,300,0.8597682160508029,0.595
HPC,290,310,0.8597682160508029,0.595
HPC,290,320,0.8597682160508029,0.595
HPC,290,330,0.8597682160508029,0.595
HPC,290,340,0.8597682160508029,0.595
HPC,290,350,0.8597682160508029,0.595
HPC,290,360,0.8597682160508029,0.595
HPC,290,370,0.8597682160508029,0.595
HPC,290,380,0.8597682160508029,0.595
HPC,290,390,0.8597682160508029,0.595
HPC,290,400,0.8597682160508029,0.595
HPC,290,410,0.8597682160508029,0.595
HPC,290,420,0.8597682160508029,0.595
HPC,290,430,0.8597682160508029,0.595
HPC,290,440,0.8597682160508029,0.595
HPC,290,450,0.8597682160508029,0.595
HPC,290,460,0.8597682160508029,0.595
HPC,290,470,0.8597682160508029,0.595
HPC,290,480,0.8597682160508029,0.595
HPC,290,490,0.8597682160508029,0.595
HPC,300,10,0.8632305160436186,0.693
HPC,300,20,0.8631784443773645,0.688
HPC,300,30,0.8646773934529226,0.71
HPC,300,40,0.8635484987380453,0.6695
HPC,300,50,0.8583222630850335,0.623
HPC,300,60,0.859084326612454,0.595
HPC,300,70,0.8578038796938958,0.595
HPC,300,80,0.8597682160508029,0.595
HPC,300,90,0.8597682160508029,0.595
HPC,300,100,0.8597682160508029,0.595
HPC,300,110,0.8597682160508029,0.595
HPC,300,120,0.8597682160508029,0.595
HPC,300,130,0.8597682160508029,0.595
HPC,300,140,0.8597682160508029,0.595
HPC,300,150,0.8597682160508029,0.595
HPC,300,160,0.8597682160508029,0.595
HPC,300,170,0.8597682160508029,0.595
HPC,300,180,0.8597682160508029,0.595
HPC,300,190,0.8597682160508029,0.595
HPC,300,200,0.8597682160508029,0.595
HPC,300,210,0.8597682160508029,0.595
HPC,300,220,0.8597682160508029,0.595
HPC,300,230,0.8597682160508029,0.595
HPC,300,240,0.8597682160508029,0.595
HPC,300,250,0.8597682160508029,0.595
HPC,300,260,0.8597682160508029,0.595
HPC,300,270,0.8597682160508029,0.595
HPC,300,280,0.8597682160508029,0.595
HPC,300,290,0.8597682160508029,0.595
HPC,300,300,0.8597682160508029,0.595
HPC,300,310,0.8597682160508029,0.595
HPC,300,320,0.8597682160508029,0.595
HPC,300,330,0.8597682160508029,0.595
HPC,300,340,0.8597682160508029,0.595
HPC,300,350,0.8597682160508029,0.595
HPC,300,360,0.8597682160508029,0.595
HPC,300,370,0.8597682160508029,0.595
HPC,300,380,0.8597682160508029,0.595
HPC,300,390,0.8597682160508029,0.595
HPC,300,400,0.8597682160508029,0.595
HPC,300,410,0.8597682160508029,0.595
HPC,300,420,0.8597682160508029,0.595
HPC,300,430,0.8597682160508029,0.595
HPC,300,440,0.8597682160508029,0.595
HPC,300,450,0.8597682160508029,0.595
HPC,300,460,0.8597682160508029,0.595
HPC,300,470,0.8597682160508029,0.595
HPC,300,480,0.8597682160508029,0.595
HPC,300,490,0.8597682160508029,0.595
HPC,310,10,0.8632305160436186,0.693
HPC,310,20,0.8631784443773645,0.688
HPC,310,30,0.8646773934529226,0.71
HPC,310,40,0.8635484987380453,0.6695
HPC,310,50,0.8583222630850335,0.623
HPC,310,60,0.859084326612454,0.595
HPC,310,70,0.8578038796938958,0.595
HPC,310,80,0.8597682160508029,0.595
HPC,310,90,0.8597682160508029,0.595
HPC,310,100,0.8597682160508029,0.595
HPC,310,110,0.8597682160508029,0.595
HPC,310,120,0.8597682160508029,0.595
HPC,310,130,0.8597682160508029,0.595
HPC,310,140,0.8597682160508029,0.595
HPC,310,150,0.8597682160508029,0.595
HPC,310,160,0.8597682160508029,0.595
HPC,310,170,0.8597682160508029,0.595
HPC,310,180,0.8597682160508029,0.595
HPC,310,190,0.8597682160508029,0.595
HPC,310,200,0.8597682160508029,0.595
HPC,310,210,0.8597682160508029,0.595
HPC,310,220,0.8597682160508029,0.595
HPC,310,230,0.8597682160508029,0.595
HPC,310,240,0.8597682160508029,0.595
HPC,310,250,0.8597682160508029,0.595
HPC,310,260,0.8597682160508029,0.595
HPC,310,270,0.8597682160508029,0.595
HPC,310,280,0.8597682160508029,0.595
HPC,310,290,0.8597682160508029,0.595
HPC,310,300,0.8597682160508029,0.595
HPC,310,310,0.8597682160508029,0.595
HPC,310,320,0.8597682160508029,0.595
HPC,310,330,0.8597682160508029,0.595
HPC,310,340,0.8597682160508029,0.595
HPC,310,350,0.8597682160508029,0.595
HPC,310,360,0.8597682160508029,0.595
HPC,310,370,0.8597682160508029,0.595
HPC,310,380,0.8597682160508029,0.595
HPC,310,390,0.8597682160508029,0.595
HPC,310,400,0.8597682160508029,0.595
HPC,310,410,0.8597682160508029,0.595
HPC,310,420,0.8597682160508029,0.595
HPC,310,430,0.8597682160508029,0.595
HPC,310,440,0.8597682160508029,0.595
HPC,310,450,0.8597682160508029,0.595
HPC,310,460,0.8597682160508029,0.595
HPC,310,470,0.8597682160508029,0.595
HPC,310,480,0.8597682160508029,0.595
HPC,310,490,0.8597682160508029,0.595
HPC,320,10,0.8632305160436186,0.693
HPC,320,20,0.8631784443773645,0.688
HPC,320,30,0.8646773934529226,0.71
HPC,320,40,0.8635484987380453,0.6695
HPC,320,50,0.8583222630850335,0.623
HPC,320,60,0.859084326612454,0.595
HPC,320,70,0.8578038796938958,0.595
HPC,320,80,0.8597682160508029,0.595
HPC,320,90,0.8597682160508029,0.595
HPC,320,100,0.8597682160508029,0.595
HPC,320,110,0.8597682160508029,0.595
HPC,320,120,0.8597682160508029,0.595
HPC,320,130,0.8597682160508029,0.595
HPC,320,140,0.8597682160508029,0.595
HPC,320,150,0.8597682160508029,0.595
HPC,320,160,0.8597682160508029,0.595
HPC,320,170,0.8597682160508029,0.595
HPC,320,180,0.8597682160508029,0.595
HPC,320,190,0.8597682160508029,0.595
HPC,320,200,0.8597682160508029,0.595
HPC,320,210,0.8597682160508029,0.595
HPC,320,220,0.8597682160508029,0.595
HPC,320,230,0.8597682160508029,0.595
HPC,320,240,0.8597682160508029,0.595
HPC,320,250,0.8597682160508029,0.595
HPC,320,260,0.8597682160508029,0.595
HPC,320,270,0.8597682160508029,0.595
HPC,320,280,0.8597682160508029,0.595
HPC,320,290,0.8597682160508029,0.595
HPC,320,300,0.8597682160508029,0.595
HPC,320,310,0.8597682160508029,0.595
HPC,320,320,0.8597682160508029,0.595
HPC,320,330,0.8597682160508029,0.595
HPC,320,340,0.8597682160508029,0.595
HPC,320,350,0.8597682160508029,0.595
HPC,320,360,0.8597682160508029,0.595
HPC,320,370,0.8597682160508029,0.595
HPC,320,380,0.8597682160508029,0.595
HPC,320,390,0.8597682160508029,0.595
HPC,320,400,0.8597682160508029,0.595
HPC,320,410,0.8597682160508029,0.595
HPC,320,420,0.8597682160508029,0.595
HPC,320,430,0.8597682160508029,0.595
HPC,320,440,0.8597682160508029,0.595
HPC,320,450,0.8597682160508029,0.595
HPC,320,460,0.8597682160508029,0.595
HPC,320,470,0.8597682160508029,0.595
HPC,320,480,0.8597682160508029,0.595
HPC,320,490,0.8597682160508029,0.595
HPC,330,10,0.8632305160436186,0.693
HPC,330,20,0.8631784443773645,0.688
HPC,330,30,0.8646773934529226,0.71
HPC,330,40,0.8635484987380453,0.6695
HPC,330,50,0.8583222630850335,0.623
HPC,330,60,0.859084326612454,0.595
HPC,330,70,0.8578038796938958,0.595
HPC,330,80,0.8597682160508029,0.595
HPC,330,90,0.8597682160508029,0.595
HPC,330,100,0.8597682160508029,0.595
HPC,330,110,0.8597682160508029,0.595
HPC,330,120,0.8597682160508029,0.595
HPC,330,130,0.8597682160508029,0.595
HPC,330,140,0.8597682160508029,0.595
HPC,330,150,0.8597682160508029,0.595
HPC,330,160,0.8597682160508029,0.595
HPC,330,170,0.8597682160508029,0.595
HPC,330,180,0.8597682160508029,0.595
HPC,330,190,0.8597682160508029,0.595
HPC,330,200,0.8597682160508029,0.595
HPC,330,210,0.8597682160508029,0.595
HPC,330,220,0.8597682160508029,0.595
HPC,330,230,0.8597682160508029,0.595
HPC,330,240,0.8597682160508029,0.595
HPC,330,250,0.8597682160508029,0.595
HPC,330,260,0.8597682160508029,0.595
HPC,330,270,0.8597682160508029,0.595
HPC,330,280,0.8597682160508029,0.595
HPC,330,290,0.8597682160508029,0.595
HPC,330,300,0.8597682160508029,0.595
HPC,330,310,0.8597682160508029,0.595
HPC,330,320,0.8597682160508029,0.595
HPC,330,330,0.8597682160508029,0.595
HPC,330,340,0.8597682160508029,0.595
HPC,330,350,0.8597682160508029,0.595
HPC,330,360,0.8597682160508029,0.595
HPC,330,370,0.8597682160508029,0.595
HPC,330,380,0.8597682160508029,0.595
HPC,330,390,0.8597682160508029,0.595
HPC,330,400,0.8597682160508029,0.595
HPC,330,410,0.8597682160508029,0.595
HPC,330,420,0.8597682160508029,0.595
HPC,330,430,0.8597682160508029,0.595
HPC,330,440,0.8597682160508029,0.595
HPC,330,450,0.8597682160508029,0.595
HPC,330,460,0.8597682160508029,0.595
HPC,330,470,0.8597682160508029,0.595
HPC,330,480,0.8597682160508029,0.595
HPC,330,490,0.8597682160508029,0.595
HPC,340,10,0.8632305160436186,0.693
HPC,340,20,0.8631784443773645,0.688
HPC,340,30,0.8646773934529226,0.71
HPC,340,40,0.8635484987380453,0.6695
HPC,340,50,0.8583222630850335,0.623
HPC,340,60,0.859084326612454,0.595
HPC,340,70,0.8578038796938958,0.595
HPC,340,80,0.8597682160508029,0.595
HPC,340,90,0.8597682160508029,0.595
HPC,340,100,0.8597682160508029,0.595
HPC,340,110,0.8597682160508029,0.595
HPC,340,120,0.8597682160508029,0.595
HPC,340,130,0.8597682160508029,0.595
HPC,340,140,0.8597682160508029,0.595
HPC,340,150,0.8597682160508029,0.595
HPC,340,160,0.8597682160508029,0.595
HPC,340,170,0.8597682160508029,0.595
HPC,340,180,0.8597682160508029,0.595
HPC,340,190,0.8597682160508029,0.595
HPC,340,200,0.8597682160508029,0.595
HPC,340,210,0.8597682160508029,0.595
HPC,340,220,0.8597682160508029,0.595
HPC,340,230,0.8597682160508029,0.595
HPC,340,240,0.8597682160508029,0.595
HPC,340,250,0.8597682160508029,0.595
HPC,340,260,0.8597682160508029,0.595
HPC,340,270,0.8597682160508029,0.595
HPC,340,280,0.8597682160508029,0.595
HPC,340,290,0.8597682160508029,0.595
HPC,340,300,0.8597682160508029,0.595
HPC,340,310,0.8597682160508029,0.595
HPC,340,320,0.8597682160508029,0.595
HPC,340,330,0.8597682160508029,0.595
HPC,340,340,0.8597682160508029,0.595
HPC,340,350,0.8597682160508029,0.595
HPC,340,360,0.8597682160508029,0.595
HPC,340,370,0.8597682160508029,0.595
HPC,340,380,0.8597682160508029,0.595
HPC,340,390,0.8597682160508029,0.595
HPC,340,400,0.8597682160508029,0.595
HPC,340,410,0.8597682160508029,0.595
HPC,340,420,0.8597682160508029,0.595
HPC,340,430,0.8597682160508029,0.595
HPC,340,440,0.8597682160508029,0.595
HPC,340,450,0.8597682160508029,0.595
HPC,340,460,0.8597682160508029,0.595
HPC,340,470,0.8597682160508029,0.595
HPC,340,480,0.8597682160508029,0.595
HPC,340,490,0.8597682160508029,0.595
HPC,350,10,0.8632305160436186,0.693
HPC,350,20,0.8631784443773645,0.688
HPC,350,30,0.8646773934529226,0.71
HPC,350,40,0.8635484987380453,0.6695
HPC,350,50,0.8583222630850335,0.623
HPC,350,60,0.859084326612454,0.595
HPC,350,70,0.8578038796938958,0.595
HPC,350,80,0.8597682160508029,0.595
HPC,350,90,0.8597682160508029,0.595
HPC,350,100,0.8597682160508029,0.595
HPC,350,110,0.8597682160508029,0.595
HPC,350,120,0.8597682160508029,0.595
HPC,350,130,0.8597682160508029,0.595
HPC,350,140,0.8597682160508029,0.595
HPC,350,150,0.8597682160508029,0.595
HPC,350,160,0.8597682160508029,0.595
HPC,350,170,0.8597682160508029,0.595
HPC,350,180,0.8597682160508029,0.595
HPC,350,190,0.8597682160508029,0.595
HPC,350,200,0.8597682160508029,0.595
HPC,350,210,0.8597682160508029,0.595
HPC,350,220,0.8597682160508029,0.595
HPC,350,230,0.8597682160508029,0.595
HPC,350,240,0.8597682160508029,0.595
HPC,350,250,0.8597682160508029,0.595
HPC,350,260,0.8597682160508029,0.595
HPC,350,270,0.8597682160508029,0.595
HPC,350,280,0.8597682160508029,0.595
HPC,350,290,0.8597682160508029,0.595
HPC,350,300,0.8597682160508029,0.595
HPC,350,310,0.8597682160508029,0.595
HPC,350,320,0.8597682160508029,0.595
HPC,350,330,0.8597682160508029,0.595
HPC,350,340,0.8597682160508029,0.595
HPC,350,350,0.8597682160508029,0.595
HPC,350,360,0.8597682160508029,0.595
HPC,350,370,0.8597682160508029,0.595
HPC,350,380,0.8597682160508029,0.595
HPC,350,390,0.8597682160508029,0.595
HPC,350,400,0.8597682160508029,0.595
HPC,350,410,0.8597682160508029,0.595
HPC,350,420,0.8597682160508029,0.595
HPC,350,430,0.8597682160508029,0.595
HPC,350,440,0.8597682160508029,0.595
HPC,350,450,0.8597682160508029,0.595
HPC,350,460,0.8597682160508029,0.595
HPC,350,470,0.8597682160508029,0.595
HPC,350,480,0.8597682160508029,0.595
HPC,350,490,0.8597682160508029,0.595
HPC,360,10,0.8632305160436186,0.693
HPC,360,20,0.8631784443773645,0.688
HPC,360,30,0.8646773934529226,0.71
HPC,360,40,0.8635484987380453,0.6695
HPC,360,50,0.8583222630850335,0.623
HPC,360,60,0.859084326612454,0.595
HPC,360,70,0.8578038796938958,0.595
HPC,360,80,0.8597682160508029,0.595
HPC,360,90,0.8597682160508029,0.595
HPC,360,100,0.8597682160508029,0.595
HPC,360,110,0.8597682160508029,0.595
HPC,360,120,0.8597682160508029,0.595
HPC,360,130,0.8597682160508029,0.595
HPC,360,140,0.8597682160508029,0.595
HPC,360,150,0.8597682160508029,0.595
HPC,360,160,0.8597682160508029,0.595
HPC,360,170,0.8597682160508029,0.595
HPC,360,180,0.8597682160508029,0.595
HPC,360,190,0.8597682160508029,0.595
HPC,360,200,0.8597682160508029,0.595
HPC,360,210,0.8597682160508029,0.595
HPC,360,220,0.8597682160508029,0.595
HPC,360,230,0.8597682160508029,0.595
HPC,360,240,0.8597682160508029,0.595
HPC,360,250,0.8597682160508029,0.595
HPC,360,260,0.8597682160508029,0.595
HPC,360,270,0.8597682160508029,0.595
HPC,360,280,0.8597682160508029,0.595
HPC,360,290,0.8597682160508029,0.595
HPC,360,300,0.8597682160508029,0.595
HPC,360,310,0.8597682160508029,0.595
HPC,360,320,0.8597682160508029,0.595
HPC,360,330,0.8597682160508029,0.595
HPC,360,340,0.8597682160508029,0.595
HPC,360,350,0.8597682160508029,0.595
HPC,360,360,0.8597682160508029,0.595
HPC,360,370,0.8597682160508029,0.595
HPC,360,380,0.8597682160508029,0.595
HPC,360,390,0.8597682160508029,0.595
HPC,360,400,0.8597682160508029,0.595
HPC,360,410,0.8597682160508029,0.595
HPC,360,420,0.8597682160508029,0.595
HPC,360,430,0.8597682160508029,0.595
HPC,360,440,0.8597682160508029,0.595
HPC,360,450,0.8597682160508029,0.595
HPC,360,460,0.8597682160508029,0.595
HPC,360,470,0.8597682160508029,0.595
HPC,360,480,0.8597682160508029,0.595
HPC,360,490,0.8597682160508029,0.595
HPC,370,10,0.8632305160436186,0.693
HPC,370,20,0.8631784443773645,0.688
HPC,370,30,0.8646773934529226,0.71
HPC,370,40,0.8635484987380453,0.6695
HPC,370,50,0.8583222630850335,0.623
HPC,370,60,0.859084326612454,0.595
HPC,370,70,0.8578038796938958,0.595
HPC,370,80,0.8597682160508029,0.595
HPC,370,90,0.8597682160508029,0.595
HPC,370,100,0.8597682160508029,0.595
HPC,370,110,0.8597682160508029,0.595
HPC,370,120,0.8597682160508029,0.595
HPC,370,130,0.8597682160508029,0.595
HPC,370,140,0.8597682160508029,0.595
HPC,370,150,0.8597682160508029,0.595
HPC,370,160,0.8597682160508029,0.595
HPC,370,170,0.8597682160508029,0.595
HPC,370,180,0.8597682160508029,0.595
HPC,370,190,0.8597682160508029,0.595
HPC,370,200,0.8597682160508029,0.595
HPC,370,210,0.8597682160508029,0.595
HPC,370,220,0.8597682160508029,0.595
HPC,370,230,0.8597682160508029,0.595
HPC,370,240,0.8597682160508029,0.595
HPC,370,250,0.8597682160508029,0.595
HPC,370,260,0.8597682160508029,0.595
HPC,370,270,0.8597682160508029,0.595
HPC,370,280,0.8597682160508029,0.595
HPC,370,290,0.8597682160508029,0.595
HPC,370,300,0.8597682160508029,0.595
HPC,370,310,0.8597682160508029,0.595
HPC,370,320,0.8597682160508029,0.595
HPC,370,330,0.8597682160508029,0.595
HPC,370,340,0.8597682160508029,0.595
HPC,370,350,0.8597682160508029,0.595
HPC,370,360,0.8597682160508029,0.595
HPC,370,370,0.8597682160508029,0.595
HPC,370,380,0.8597682160508029,0.595
HPC,370,390,0.8597682160508029,0.595
HPC,370,400,0.8597682160508029,0.595
HPC,370,410,0.8597682160508029,0.595
HPC,370,420,0.8597682160508029,0.595
HPC,370,430,0.8597682160508029,0.595
HPC,370,440,0.8597682160508029,0.595
HPC,370,450,0.8597682160508029,0.595
HPC,370,460,0.8597682160508029,0.595
HPC,370,470,0.8597682160508029,0.595
HPC,370,480,0.8597682160508029,0.595
HPC,370,490,0.8597682160508029,0.595
HPC,380,10,0.8632305160436186,0.693
HPC,380,20,0.8631784443773645,0.688
HPC,380,30,0.8646773934529226,0.71
HPC,380,40,0.8635484987380453,0.6695
HPC,380,50,0.8583222630850335,0.623
HPC,380,60,0.859084326612454,0.595
HPC,380,70,0.8578038796938958,0.595
HPC,380,80,0.8597682160508029,0.595
HPC,380,90,0.8597682160508029,0.595
HPC,380,100,0.8597682160508029,0.595
HPC,380,110,0.8597682160508029,0.595
HPC,380,120,0.8597682160508029,0.595
HPC,380,130,0.8597682160508029,0.595
HPC,380,140,0.8597682160508029,0.595
HPC,380,150,0.8597682160508029,0.595
HPC,380,160,0.8597682160508029,0.595
HPC,380,170,0.8597682160508029,0.595
HPC,380,180,0.8597682160508029,0.595
HPC,380,190,0.8597682160508029,0.595
HPC,380,200,0.8597682160508029,0.595
HPC,380,210,0.8597682160508029,0.595
HPC,380,220,0.8597682160508029,0.595
HPC,380,230,0.8597682160508029,0.595
HPC,380,240,0.8597682160508029,0.595
HPC,380,250,0.8597682160508029,0.595
HPC,380,260,0.8597682160508029,0.595
HPC,380,270,0.8597682160508029,0.595
HPC,380,280,0.8597682160508029,0.595
HPC,380,290,0.8597682160508029,0.595
HPC,380,300,0.8597682160508029,0.595
HPC,380,310,0.8597682160508029,0.595
HPC,380,320,0.8597682160508029,0.595
HPC,380,330,0.8597682160508029,0.595
HPC,380,340,0.8597682160508029,0.595
HPC,380,350,0.8597682160508029,0.595
HPC,380,360,0.8597682160508029,0.595
HPC,380,370,0.8597682160508029,0.595
HPC,380,380,0.8597682160508029,0.595
HPC,380,390,0.8597682160508029,0.595
HPC,380,400,0.8597682160508029,0.595
HPC,380,410,0.8597682160508029,0.595
HPC,380,420,0.8597682160508029,0.595
HPC,380,430,0.8597682160508029,0.595
HPC,380,440,0.8597682160508029,0.595
HPC,380,450,0.8597682160508029,0.595
HPC,380,460,0.8597682160508029,0.595
HPC,380,470,0.8597682160508029,0.595
HPC,380,480,0.8597682160508029,0.595
HPC,380,490,0.8597682160508029,0.595
HPC,390,10,0.8632305160436186,0.693
HPC,390,20,0.8631784443773645,0.688
HPC,390,30,0.8646773934529226,0.71
HPC,390,40,0.8635484987380453,0.6695
HPC,390,50,0.8583222630850335,0.623
HPC,390,60,0.859084326612454,0.595
HPC,390,70,0.8578038796938958,0.595
HPC,390,80,0.8597682160508029,0.595
HPC,390,90,0.8597682160508029,0.595
HPC,390,100,0.8597682160508029,0.595
HPC,390,110,0.8597682160508029,0.595
HPC,390,120,0.8597682160508029,0.595
HPC,390,130,0.8597682160508029,0.595
HPC,390,140,0.8597682160508029,0.595
HPC,390,150,0.8597682160508029,0.595
HPC,390,160,0.8597682160508029,0.595
HPC,390,170,0.8597682160508029,0.595
HPC,390,180,0.8597682160508029,0.595
HPC,390,190,0.8597682160508029,0.595
HPC,390,200,0.8597682160508029,0.595
HPC,390,210,0.8597682160508029,0.595
HPC,390,220,0.8597682160508029,0.595
HPC,390,230,0.8597682160508029,0.595
HPC,390,240,0.8597682160508029,0.595
HPC,390,250,0.8597682160508029,0.595
HPC,390,260,0.8597682160508029,0.595
HPC,390,270,0.8597682160508029,0.595
HPC,390,280,0.8597682160508029,0.595
HPC,390,290,0.8597682160508029,0.595
HPC,390,300,0.8597682160508029,0.595
HPC,390,310,0.8597682160508029,0.595
HPC,390,320,0.8597682160508029,0.595
HPC,390,330,0.8597682160508029,0.595
HPC,390,340,0.8597682160508029,0.595
HPC,390,350,0.8597682160508029,0.595
HPC,390,360,0.8597682160508029,0.595
HPC,390,370,0.8597682160508029,0.595
HPC,390,380,0.8597682160508029,0.595
HPC,390,390,0.8597682160508029,0.595
HPC,390,400,0.8597682160508029,0.595
HPC,390,410,0.8597682160508029,0.595
HPC,390,420,0.8597682160508029,0.595
HPC,390,430,0.8597682160508029,0.595
HPC,390,440,0.8597682160508029,0.595
HPC,390,450,0.8597682160508029,0.595
HPC,390,460,0.8597682160508029,0.595
HPC,390,470,0.8597682160508029,0.595
HPC,390,480,0.8597682160508029,0.595
HPC,390,490,0.8597682160508029,0.595
HPC,400,10,0.8632305160436186,0.693
HPC,400,20,0.8631784443773645,0.688
HPC,400,30,0.8646773934529226,0.71
HPC,400,40,0.8635484987380453,0.6695
HPC,400,50,0.8583222630850335,0.623
HPC,400,60,0.859084326612454,0.595
HPC,400,70,0.8578038796938958,0.595
HPC,400,80,0.8597682160508029,0.595
HPC,400,90,0.8597682160508029,0.595
HPC,400,100,0.8597682160508029,0.595
HPC,400,110,0.8597682160508029,0.595
HPC,400,120,0.8597682160508029,0.595
HPC,400,130,0.8597682160508029,0.595
HPC,400,140,0.8597682160508029,0.595
HPC,400,150,0.8597682160508029,0.595
HPC,400,160,0.8597682160508029,0.595
HPC,400,170,0.8597682160508029,0.595
HPC,400,180,0.8597682160508029,0.595
HPC,400,190,0.8597682160508029,0.595
HPC,400,200,0.8597682160508029,0.595
HPC,400,210,0.8597682160508029,0.595
HPC,400,220,0.8597682160508029,0.595
HPC,400,230,0.8597682160508029,0.595
HPC,400,240,0.8597682160508029,0.595
HPC,400,250,0.8597682160508029,0.595
HPC,400,260,0.8597682160508029,0.595
HPC,400,270,0.8597682160508029,0.595
HPC,400,280,0.8597682160508029,0.595
HPC,400,290,0.8597682160508029,0.595
HPC,400,300,0.8597682160508029,0.595
HPC,400,310,0.8597682160508029,0.595
HPC,400,320,0.8597682160508029,0.595
HPC,400,330,0.8597682160508029,0.595
HPC,400,340,0.8597682160508029,0.595
HPC,400,350,0.8597682160508029,0.595
HPC,400,360,0.8597682160508029,0.595
HPC,400,370,0.8597682160508029,0.595
HPC,400,380,0.8597682160508029,0.595
HPC,400,390,0.8597682160508029,0.595
HPC,400,400,0.7995195294275337,0.398
HPC,400,410,0.7995195294275337,0.398
HPC,400,420,0.7995195294275337,0.398
HPC,400,430,0.7995195294275337,0.398
HPC,400,440,0.7995195294275337,0.398
HPC,400,450,0.7995195294275337,0.398
HPC,400,460,0.7995195294275337,0.398
HPC,400,470,0.7995195294275337,0.398
HPC,400,480,0.7995195294275337,0.398
HPC,400,490,0.7995195294275337,0.398
HPC,410,10,0.8632305160436186,0.693
HPC,410,20,0.8631784443773645,0.688
HPC,410,30,0.8646773934529226,0.71
HPC,410,40,0.8635484987380453,0.6695
HPC,410,50,0.8583222630850335,0.623
HPC,410,60,0.859084326612454,0.595
HPC,410,70,0.8578038796938958,0.595
HPC,410,80,0.8597682160508029,0.595
HPC,410,90,0.8597682160508029,0.595
HPC,410,100,0.8597682160508029,0.595
HPC,410,110,0.8597682160508029,0.595
HPC,410,120,0.8597682160508029,0.595
HPC,410,130,0.8597682160508029,0.595
HPC,410,140,0.8597682160508029,0.595
HPC,410,150,0.8597682160508029,0.595
HPC,410,160,0.8597682160508029,0.595
HPC,410,170,0.8597682160508029,0.595
HPC,410,180,0.8597682160508029,0.595
HPC,410,190,0.8597682160508029,0.595
HPC,410,200,0.8597682160508029,0.595
HPC,410,210,0.8597682160508029,0.595
HPC,410,220,0.8597682160508029,0.595
HPC,410,230,0.8597682160508029,0.595
HPC,410,240,0.8597682160508029,0.595
HPC,410,250,0.8597682160508029,0.595
HPC,410,260,0.8597682160508029,0.595
HPC,410,270,0.8597682160508029,0.595
HPC,410,280,0.8597682160508029,0.595
HPC,410,290,0.8597682160508029,0.595
HPC,410,300,0.8597682160508029,0.595
HPC,410,310,0.8597682160508029,0.595
HPC,410,320,0.8597682160508029,0.595
HPC,410,330,0.8597682160508029,0.595
HPC,410,340,0.8597682160508029,0.595
HPC,410,350,0.8597682160508029,0.595
HPC,410,360,0.8597682160508029,0.595
HPC,410,370,0.8597682160508029,0.595
HPC,410,380,0.8597682160508029,0.595
HPC,410,390,0.8597682160508029,0.595
HPC,410,400,0.7995195294275337,0.398
HPC,410,410,0.7995195294275337,0.398
HPC,410,420,0.7995195294275337,0.398
HPC,410,430,0.7995195294275337,0.398
HPC,410,440,0.7995195294275337,0.398
HPC,410,450,0.7995195294275337,0.398
HPC,410,460,0.7995195294275337,0.398
HPC,410,470,0.7995195294275337,0.398
HPC,410,480,0.7995195294275337,0.398
HPC,410,490,0.7995195294275337,0.398
HPC,420,10,0.8632305160436186,0.693
HPC,420,20,0.8631784443773645,0.688
HPC,420,30,0.8646773934529226,0.71
HPC,420,40,0.8635484987380453,0.6695
HPC,420,50,0.8583222630850335,0.623
HPC,420,60,0.859084326612454,0.595
HPC,420,70,0.8578038796938958,0.595
HPC,420,80,0.8597682160508029,0.595
HPC,420,90,0.8597682160508029,0.595
HPC,420,100,0.8597682160508029,0.595
HPC,420,110,0.8597682160508029,0.595
HPC,420,120,0.8597682160508029,0.595
HPC,420,130,0.8597682160508029,0.595
HPC,420,140,0.8597682160508029,0.595
HPC,420,150,0.8597682160508029,0.595
HPC,420,160,0.8597682160508029,0.595
HPC,420,170,0.8597682160508029,0.595
HPC,420,180,0.8597682160508029,0.595
HPC,420,190,0.8597682160508029,0.595
HPC,420,200,0.8597682160508029,0.595
HPC,420,210,0.8597682160508029,0.595
HPC,420,220,0.8597682160508029,0.595
HPC,420,230,0.8597682160508029,0.595
HPC,420,240,0.8597682160508029,0.595
HPC,420,250,0.8597682160508029,0.595
HPC,420,260,0.8597682160508029,0.595
HPC,420,270,0.8597682160508029,0.595
HPC,420,280,0.8597682160508029,0.595
HPC,420,290,0.8597682160508029,0.595
HPC,420,300,0.8597682160508029,0.595
HPC,420,310,0.8597682160508029,0.595
HPC,420,320,0.8597682160508029,0.595
HPC,420,330,0.8597682160508029,0.595
HPC,420,340,0.8597682160508029,0.595
HPC,420,350,0.8597682160508029,0.595
HPC,420,360,0.8597682160508029,0.595
HPC,420,370,0.8597682160508029,0.595
HPC,420,380,0.8597682160508029,0.595
HPC,420,390,0.8597682160508029,0.595
HPC,420,400,0.7995195294275337,0.398
HPC,420,410,0.7995195294275337,0.398
HPC,420,420,0.7995195294275337,0.398
HPC,420,430,0.7995195294275337,0.398
HPC,420,440,0.7995195294275337,0.398
HPC,420,450,0.7995195294275337,0.398
HPC,420,460,0.7995195294275337,0.398
HPC,420,470,0.7995195294275337,0.398
HPC,420,480,0.7995195294275337,0.398
HPC,420,490,0.7995195294275337,0.398
HPC,430,10,0.8632305160436186,0.693
HPC,430,20,0.8631784443773645,0.688
HPC,430,30,0.8646773934529226,0.71
HPC,430,40,0.8635484987380453,0.6695
HPC,430,50,0.8583222630850335,0.623
HPC,430,60,0.859084326612454,0.595
HPC,430,70,0.8578038796938958,0.595
HPC,430,80,0.8597682160508029,0.595
HPC,430,90,0.8597682160508029,0.595
HPC,430,100,0.8597682160508029,0.595
HPC,430,110,0.8597682160508029,0.595
HPC,430,120,0.8597682160508029,0.595
HPC,430,130,0.8597682160508029,0.595
HPC,430,140,0.8597682160508029,0.595
HPC,430,150,0.8597682160508029,0.595
HPC,430,160,0.8597682160508029,0.595
HPC,430,170,0.8597682160508029,0.595
HPC,430,180,0.8597682160508029,0.595
HPC,430,190,0.8597682160508029,0.595
HPC,430,200,0.8597682160508029,0.595
HPC,430,210,0.8597682160508029,0.595
HPC,430,220,0.8597682160508029,0.595
HPC,430,230,0.8597682160508029,0.595
HPC,430,240,0.8597682160508029,0.595
HPC,430,250,0.8597682160508029,0.595
HPC,430,260,0.8597682160508029,0.595
HPC,430,270,0.8597682160508029,0.595
HPC,430,280,0.8597682160508029,0.595
HPC,430,290,0.8597682160508029,0.595
HPC,430,300,0.8597682160508029,0.595
HPC,430,310,0.8597682160508029,0.595
HPC,430,320,0.8597682160508029,0.595
HPC,430,330,0.8597682160508029,0.595
HPC,430,340,0.8597682160508029,0.595
HPC,430,350,0.8597682160508029,0.595
HPC,430,360,0.8597682160508029,0.595
HPC,430,370,0.8597682160508029,0.595
HPC,430,380,0.8597682160508029,0.595
HPC,430,390,0.8597682160508029,0.595
HPC,430,400,0.7995195294275337,0.398
HPC,430,410,0.7995195294275337,0.398
HPC,430,420,0.7995195294275337,0.398
HPC,430,430,0.7995195294275337,0.398
HPC,430,440,0.7995195294275337,0.398
HPC,430,450,0.7995195294275337,0.398
HPC,430,460,0.7995195294275337,0.398
HPC,430,470,0.7995195294275337,0.398
HPC,430,480,0.7995195294275337,0.398
HPC,430,490,0.7995195294275337,0.398
HPC,440,10,0.8632305160436186,0.693
HPC,440,20,0.8631784443773645,0.688
HPC,440,30,0.8646773934529226,0.71
HPC,440,40,0.8635484987380453,0.6695
HPC,440,50,0.8583222630850335,0.623
HPC,440,60,0.859084326612454,0.595
HPC,440,70,0.8578038796938958,0.595
HPC,440,80,0.8597682160508029,0.595
HPC,440,90,0.8597682160508029,0.595
HPC,440,100,0.8597682160508029,0.595
HPC,440,110,0.8597682160508029,0.595
HPC,440,120,0.8597682160508029,0.595
HPC,440,130,0.8597682160508029,0.595
HPC,440,140,0.8597682160508029,0.595
HPC,440,150,0.8597682160508029,0.595
HPC,440,160,0.8597682160508029,0.595
HPC,440,170,0.8597682160508029,0.595
HPC,440,180,0.8597682160508029,0.595
HPC,440,190,0.8597682160508029,0.595
HPC,440,200,0.8597682160508029,0.595
HPC,440,210,0.8597682160508029,0.595
HPC,440,220,0.8597682160508029,0.595
HPC,440,230,0.8597682160508029,0.595
HPC,440,240,0.8597682160508029,0.595
HPC,440,250,0.8597682160508029,0.595
HPC,440,260,0.8597682160508029,0.595
HPC,440,270,0.8597682160508029,0.595
HPC,440,280,0.8597682160508029,0.595
HPC,440,290,0.8597682160508029,0.595
HPC,440,300,0.8597682160508029,0.595
HPC,440,310,0.8597682160508029,0.595
HPC,440,320,0.8597682160508029,0.595
HPC,440,330,0.8597682160508029,0.595
HPC,440,340,0.8597682160508029,0.595
HPC,440,350,0.8597682160508029,0.595
HPC,440,360,0.8597682160508029,0.595
HPC,440,370,0.8597682160508029,0.595
HPC,440,380,0.8597682160508029,0.595
HPC,440,390,0.8597682160508029,0.595
HPC,440,400,0.7995195294275337,0.398
HPC,440,410,0.7995195294275337,0.398
HPC,440,420,0.7995195294275337,0.398
HPC,440,430,0.7995195294275337,0.398
HPC,440,440,0.7995195294275337,0.398
HPC,440,450,0.7995195294275337,0.398
HPC,440,460,0.7995195294275337,0.398
HPC,440,470,0.7995195294275337,0.398
HPC,440,480,0.7995195294275337,0.398
HPC,440,490,0.7995195294275337,0.398
HPC,450,10,0.8632305160436186,0.693
HPC,450,20,0.8631784443773645,0.688
HPC,450,30,0.8646773934529226,0.71
HPC,450,40,0.8635484987380453,0.6695
HPC,450,50,0.8583222630850335,0.623
HPC,450,60,0.859084326612454,0.595
HPC,450,70,0.8578038796938958,0.595
HPC,450,80,0.8597682160508029,0.595
HPC,450,90,0.8597682160508029,0.595
HPC,450,100,0.8597682160508029,0.595
HPC,450,110,0.8597682160508029,0.595
HPC,450,120,0.8597682160508029,0.595
HPC,450,130,0.8597682160508029,0.595
HPC,450,140,0.8597682160508029,0.595
HPC,450,150,0.8597682160508029,0.595
HPC,450,160,0.8597682160508029,0.595
HPC,450,170,0.8597682160508029,0.595
HPC,450,180,0.8597682160508029,0.595
HPC,450,190,0.8597682160508029,0.595
HPC,450,200,0.8597682160508029,0.595
HPC,450,210,0.8597682160508029,0.595
HPC,450,220,0.8597682160508029,0.595
HPC,450,230,0.8597682160508029,0.595
HPC,450,240,0.8597682160508029,0.595
HPC,450,250,0.8597682160508029,0.595
HPC,450,260,0.8597682160508029,0.595
HPC,450,270,0.8597682160508029,0.595
HPC,450,280,0.8597682160508029,0.595
HPC,450,290,0.8597682160508029,0.595
HPC,450,300,0.8597682160508029,0.595
HPC,450,310,0.8597682160508029,0.595
HPC,450,320,0.8597682160508029,0.595
HPC,450,330,0.8597682160508029,0.595
HPC,450,340,0.8597682160508029,0.595
HPC,450,350,0.8597682160508029,0.595
HPC,450,360,0.8597682160508029,0.595
HPC,450,370,0.8597682160508029,0.595
HPC,450,380,0.8597682160508029,0.595
HPC,450,390,0.8597682160508029,0.595
HPC,450,400,0.7995195294275337,0.398
HPC,450,410,0.7995195294275337,0.398
HPC,450,420,0.7995195294275337,0.398
HPC,450,430,0.7995195294275337,0.398
HPC,450,440,0.7995195294275337,0.398
HPC,450,450,0.7995195294275337,0.398
HPC,450,460,0.7995195294275337,0.398
HPC,450,470,0.7995195294275337,0.398
HPC,450,480,0.7995195294275337,0.398
HPC,450,490,0.7995195294275337,0.398
HPC,460,10,0.8632305160436186,0.693
HPC,460,20,0.8631784443773645,0.688
HPC,460,30,0.8646773934529226,0.71
HPC,460,40,0.8635484987380453,0.6695
HPC,460,50,0.8583222630850335,0.623
HPC,460,60,0.859084326612454,0.595
HPC,460,70,0.8578038796938958,0.595
HPC,460,80,0.8597682160508029,0.595
HPC,460,90,0.8597682160508029,0.595
HPC,460,100,0.8597682160508029,0.595
HPC,460,110,0.8597682160508029,0.595
HPC,460,120,0.8597682160508029,0.595
HPC,460,130,0.8597682160508029,0.595
HPC,460,140,0.8597682160508029,0.595
HPC,460,150,0.8597682160508029,0.595
HPC,460,160,0.8597682160508029,0.595
HPC,460,170,0.8597682160508029,0.595
HPC,460,180,0.8597682160508029,0.595
HPC,460,190,0.8597682160508029,0.595
HPC,460,200,0.8597682160508029,0.595
HPC,460,210,0.8597682160508029,0.595
HPC,460,220,0.8597682160508029,0.595
HPC,460,230,0.8597682160508029,0.595
HPC,460,240,0.8597682160508029,0.595
HPC,460,250,0.8597682160508029,0.595
HPC,460,260,0.8597682160508029,0.595
HPC,460,270,0.8597682160508029,0.595
HPC,460,280,0.8597682160508029,0.595
HPC,460,290,0.8597682160508029,0.595
HPC,460,300,0.8597682160508029,0.595
HPC,460,310,0.8597682160508029,0.595
HPC,460,320,0.8597682160508029,0.595
HPC,460,330,0.8597682160508029,0.595
HPC,460,340,0.8597682160508029,0.595
HPC,460,350,0.8597682160508029,0.595
HPC,460,360,0.8597682160508029,0.595
HPC,460,370,0.8597682160508029,0.595
HPC,460,380,0.8597682160508029,0.595
HPC,460,390,0.8597682160508029,0.595
HPC,460,400,0.7995195294275337,0.398
HPC,460,410,0.7995195294275337,0.398
HPC,460,420,0.7995195294275337,0.398
HPC,460,430,0.7995195294275337,0.398
HPC,460,440,0.7995195294275337,0.398
HPC,460,450,0.7995195294275337,0.398
HPC,460,460,0.7995195294275337,0.398
HPC,460,470,0.7995195294275337,0.398
HPC,460,480,0.7995195294275337,0.398
HPC,460,490,0.7995195294275337,0.398
HPC,470,10,0.8632305160436186,0.693
HPC,470,20,0.8631784443773645,0.688
HPC,470,30,0.8646773934529226,0.71
HPC,470,40,0.8635484987380453,0.6695
HPC,470,50,0.8583222630850335,0.623
HPC,470,60,0.859084326612454,0.595
HPC,470,70,0.8578038796938958,0.595
HPC,470,80,0.8597682160508029,0.595
HPC,470,90,0.8597682160508029,0.595
HPC,470,100,0.8597682160508029,0.595
HPC,470,110,0.8597682160508029,0.595
HPC,470,120,0.8597682160508029,0.595
HPC,470,130,0.8597682160508029,0.595
HPC,470,140,0.8597682160508029,0.595
HPC,470,150,0.8597682160508029,0.595
HPC,470,160,0.8597682160508029,0.595
HPC,470,170,0.8597682160508029,0.595
HPC,470,180,0.8597682160508029,0.595
HPC,470,190,0.8597682160508029,0.595
HPC,470,200,0.8597682160508029,0.595
HPC,470,210,0.8597682160508029,0.595
HPC,470,220,0.8597682160508029,0.595
HPC,470,230,0.8597682160508029,0.595
HPC,470,240,0.8597682160508029,0.595
HPC,470,250,0.8597682160508029,0.595
HPC,470,260,0.8597682160508029,0.595
HPC,470,270,0.8597682160508029,0.595
HPC,470,280,0.8597682160508029,0.595
HPC,470,290,0.8597682160508029,0.595
HPC,470,300,0.8597682160508029,0.595
HPC,470,310,0.8597682160508029,0.595
HPC,470,320,0.8597682160508029,0.595
HPC,470,330,0.8597682160508029,0.595
HPC,470,340,0.8597682160508029,0.595
HPC,470,350,0.8597682160508029,0.595
HPC,470,360,0.8597682160508029,0.595
HPC,470,370,0.8597682160508029,0.595
HPC,470,380,0.8597682160508029,0.595
HPC,470,390,0.8597682160508029,0.595
HPC,470,400,0.7995195294275337,0.398
HPC,470,410,0.7995195294275337,0.398
HPC,470,420,0.7995195294275337,0.398
HPC,470,430,0.7995195294275337,0.398
HPC,470,440,0.7995195294275337,0.398
HPC,470,450,0.7995195294275337,0.398
HPC,470,460,0.7995195294275337,0.398
HPC,470,470,0.7995195294275337,0.398
HPC,470,480,0.7995195294275337,0.398
HPC,470,490,0.7995195294275337,0.398
HPC,480,10,0.8632305160436186,0.693
HPC,480,20,0.8631784443773645,0.688
HPC,480,30,0.8646773934529226,0.71
HPC,480,40,0.8635484987380453,0.6695
HPC,480,50,0.8583222630850335,0.623
HPC,480,60,0.859084326612454,0.595
HPC,480,70,0.8578038796938958,0.595
HPC,480,80,0.8597682160508029,0.595
HPC,480,90,0.8597682160508029,0.595
HPC,480,100,0.8597682160508029,0.595
HPC,480,110,0.8597682160508029,0.595
HPC,480,120,0.8597682160508029,0.595
HPC,480,130,0.8597682160508029,0.595
HPC,480,140,0.8597682160508029,0.595
HPC,480,150,0.8597682160508029,0.595
HPC,480,160,0.8597682160508029,0.595
HPC,480,170,0.8597682160508029,0.595
HPC,480,180,0.8597682160508029,0.595
HPC,480,190,0.8597682160508029,0.595
HPC,480,200,0.8597682160508029,0.595
HPC,480,210,0.8597682160508029,0.595
HPC,480,220,0.8597682160508029,0.595
HPC,480,230,0.8597682160508029,0.595
HPC,480,240,0.8597682160508029,0.595
HPC,480,250,0.8597682160508029,0.595
HPC,480,260,0.8597682160508029,0.595
HPC,480,270,0.8597682160508029,0.595
HPC,480,280,0.8597682160508029,0.595
HPC,480,290,0.8597682160508029,0.595
HPC,480,300,0.8597682160508029,0.595
HPC,480,310,0.8597682160508029,0.595
HPC,480,320,0.8597682160508029,0.595
HPC,480,330,0.8597682160508029,0.595
HPC,480,340,0.8597682160508029,0.595
HPC,480,350,0.8597682160508029,0.595
HPC,480,360,0.8597682160508029,0.595
HPC,480,370,0.8597682160508029,0.595
HPC,480,380,0.8597682160508029,0.595
HPC,480,390,0.8597682160508029,0.595
HPC,480,400,0.7995195294275337,0.398
HPC,480,410,0.7995195294275337,0.398
HPC,480,420,0.7995195294275337,0.398
HPC,480,430,0.7995195294275337,0.398
HPC,480,440,0.7995195294275337,0.398
HPC,480,450,0.7995195294275337,0.398
HPC,480,460,0.7995195294275337,0.398
HPC,480,470,0.7995195294275337,0.398
HPC,480,480,0.7995195294275337,0.398
HPC,480,490,0.7995195294275337,0.398
HPC,490,10,0.8632305160436186,0.693
HPC,490,20,0.8631784443773645,0.688
HPC,490,30,0.8646773934529226,0.71
HPC,490,40,0.8635484987380453,0.6695
HPC,490,50,0.8583222630850335,0.623
HPC,490,60,0.859084326612454,0.595
HPC,490,70,0.8578038796938958,0.595
HPC,490,80,0.8597682160508029,0.595
HPC,490,90,0.8597682160508029,0.595
HPC,490,100,0.8597682160508029,0.595
HPC,490,110,0.8597682160508029,0.595
HPC,490,120,0.8597682160508029,0.595
HPC,490,130,0.8597682160508029,0.595
HPC,490,140,0.8597682160508029,0.595
HPC,490,150,0.8597682160508029,0.595
HPC,490,160,0.8597682160508029,0.595
HPC,490,170,0.8597682160508029,0.595
HPC,490,180,0.8597682160508029,0.595
HPC,490,190,0.8597682160508029,0.595
HPC,490,200,0.8597682160508029,0.595
HPC,490,210,0.8597682160508029,0.595
HPC,490,220,0.8597682160508029,0.595
HPC,490,230,0.8597682160508029,0.595
HPC,490,240,0.8597682160508029,0.595
HPC,490,250,0.8597682160508029,0.595
HPC,490,260,0.8597682160508029,0.595
HPC,490,270,0.8597682160508029,0.595
HPC,490,280,0.8597682160508029,0.595
HPC,490,290,0.8597682160508029,0.595
HPC,490,300,0.8597682160508029,0.595
HPC,490,310,0.8597682160508029,0.595
HPC,490,320,0.8597682160508029,0.595
HPC,490,330,0.8597682160508029,0.595
HPC,490,340,0.8597682160508029,0.595
HPC,490,350,0.8597682160508029,0.595
HPC,490,360,0.8597682160508029,0.595
HPC,490,370,0.8597682160508029,0.595
HPC,490,380,0.8597682160508029,0.595
HPC,490,390,0.8597682160508029,0.595
HPC,490,400,0.7995195294275337,0.398
HPC,490,410,0.7995195294275337,0.398
HPC,490,420,0.7995195294275337,0.398
HPC,490,430,0.7995195294275337,0.398
HPC,490,440,0.7995195294275337,0.398
HPC,490,450,0.7995195294275337,0.398
HPC,490,460,0.7995195294275337,0.398
HPC,490,470,0.7995195294275337,0.398
HPC,490,480,0.7995195294275337,0.398
HPC,490,490,0.7995195294275337,0.398
